Date, Close/Last, Volume, Open, High, Low
3/31/20,$254.29 ,49250500,$255.60 ,$262.49 ,$252 
3/30/20,$254.81 ,41994110,$250.74 ,$255.52 ,$249.40 
3/27/20,$247.74 ,51054150,$252.75 ,$255.87 ,$247.05 
3/26/20,$258.44 ,63140170,$246.52 ,$258.68 ,$246.36 
3/25/20,$245.52 ,75900510,$250.75 ,$258.25 ,$244.30 
3/24/20,$246.88 ,71882770,$236.36 ,$247.69 ,$234.30 
3/23/20,$224.37 ,84188210,$228.08 ,$228.50 ,$212.61 
3/20/20,$229.24 ,100423300,$247.18 ,$251.83 ,$228 
3/19/20,$244.78 ,67964260,$247.39 ,$252.84 ,$242.61 
3/18/20,$246.67 ,75058410,$239.77 ,$250 ,$237.12 
3/17/20,$252.86 ,81013970,$247.51 ,$257.61 ,$238.40 
3/16/20,$242.21 ,80605870,$241.95 ,$259.08 ,$240 
3/13/20,$277.97 ,92683030,$264.89 ,$279.92 ,$252.95 
3/12/20,$248.23 ,104618500,$255.94 ,$270 ,$248 
3/11/20,$275.43 ,64094970,$277.39 ,$281.22 ,$271.86 
3/10/20,$285.34 ,71322520,$277.14 ,$286.44 ,$269.37 
3/9/20,$266.17 ,71686210,$263.75 ,$278.09 ,$263 
3/6/20,$289.03 ,56544250,$282 ,$290.82 ,$281.23 
3/5/20,$292.92 ,46893220,$295.52 ,$299.55 ,$291.41 
3/4/20,$302.74 ,54794570,$296.44 ,$303.40 ,$293.13 
3/3/20,$289.32 ,79868850,$303.67 ,$304 ,$285.80 
3/2/20,$298.81 ,85349340,$282.28 ,$301.44 ,$277.72 
2/28/20,$273.36 ,106721200,$257.26 ,$278.41 ,$256.37 
2/27/20,$273.52 ,80151380,$281.10 ,$286 ,$272.96 
2/26/20,$292.65 ,49678430,$286.53 ,$297.88 ,$286.50 
2/25/20,$288.08 ,57668360,$300.95 ,$302.53 ,$286.13 
2/24/20,$298.18 ,55548830,$297.26 ,$304.18 ,$289.23 
2/21/20,$313.05 ,32426420,$318.62 ,$320.45 ,$310.50 
2/20/20,$320.30 ,25141490,$322.63 ,$324.65 ,$318.21 
2/19/20,$323.62 ,23495990,$320 ,$324.57 ,$320 
2/18/20,$319 ,38190550,$315.36 ,$319.75 ,$314.61 
2/14/20,$324.95 ,20028450,$324.74 ,$325.98 ,$322.85 
2/13/20,$324.87 ,23686890,$324.19 ,$326.22 ,$323.35 
2/12/20,$327.20 ,28432570,$321.47 ,$327.22 ,$321.47 
2/11/20,$319.61 ,23580780,$323.60 ,$323.90 ,$318.71 
2/10/20,$321.55 ,27337220,$314.18 ,$321.55 ,$313.85 
2/7/20,$320.03 ,29421010,$322.37 ,$323.40 ,$318 
2/6/20,$325.21 ,26356390,$322.57 ,$325.22 ,$320.26 
2/5/20,$321.45 ,29706720,$323.52 ,$324.76 ,$318.95 
2/4/20,$318.85 ,34154130,$315.31 ,$319.64 ,$313.63 
2/3/20,$308.66 ,43496400,$304.30 ,$313.49 ,$302.22 
1/31/20,$309.51 ,49897100,$320.93 ,$322.68 ,$308.29 
1/30/20,$323.87 ,31685810,$320.54 ,$324.09 ,$318.75 
1/29/20,$324.34 ,54149930,$324.45 ,$327.85 ,$321.38 
1/28/20,$317.69 ,40558490,$312.60 ,$318.40 ,$312.19 
1/27/20,$308.95 ,40485010,$310.06 ,$311.77 ,$304.88 
1/24/20,$318.31 ,36634380,$320.25 ,$323.33 ,$317.52 
1/23/20,$319.23 ,26117990,$317.92 ,$319.56 ,$315.65 
1/22/20,$317.70 ,25458120,$318.58 ,$319.99 ,$317.31 
1/21/20,$316.57 ,27710810,$317.19 ,$319.02 ,$316 
1/17/20,$318.73 ,34454120,$316.27 ,$318.74 ,$315 
1/16/20,$315.24 ,27207250,$313.59 ,$315.70 ,$312.09 
1/15/20,$311.34 ,30480880,$311.85 ,$315.50 ,$309.55 
1/14/20,$312.68 ,40653460,$316.70 ,$317.57 ,$312.17 
1/13/20,$316.96 ,30521720,$311.64 ,$317.07 ,$311.15 
1/10/20,$310.33 ,35217270,$310.60 ,$312.67 ,$308.25 
1/9/20,$309.63 ,42621540,$307.24 ,$310.43 ,$306.20 
1/8/20,$303.19 ,33090950,$297.16 ,$304.44 ,$297.16 
1/7/20,$298.39 ,27877660,$299.84 ,$300.90 ,$297.48 
1/6/20,$299.80 ,29644640,$293.79 ,$299.96 ,$292.75 
1/3/20,$297.43 ,36633880,$297.15 ,$300.58 ,$296.50 
1/2/20,$300.35 ,33911860,$296.24 ,$300.60 ,$295.19 
12/31/19,$293.65 ,25247630,$289.93 ,$293.68 ,$289.52 
12/30/19,$291.52 ,36059610,$289.46 ,$292.69 ,$285.22 
12/27/19,$289.80 ,36592940,$291.12 ,$293.97 ,$288.12 
12/26/19,$289.91 ,23334000,$284.82 ,$289.98 ,$284.70 
12/24/19,$284.27 ,12119710,$284.69 ,$284.89 ,$282.92 
12/23/19,$284 ,24677880,$280.53 ,$284.25 ,$280.37 
12/20/19,$279.44 ,69032740,$282.23 ,$282.65 ,$278.56 
12/19/19,$280.02 ,24626950,$279.50 ,$281.18 ,$278.95 
12/18/19,$279.74 ,29024690,$279.80 ,$281.90 ,$279.12 
12/17/19,$280.41 ,28575800,$279.57 ,$281.77 ,$278.80 
12/16/19,$279.86 ,32081110,$277 ,$280.79 ,$276.98 
12/13/19,$275.15 ,33432810,$271.46 ,$275.30 ,$270.93 
12/12/19,$271.46 ,34437040,$267.78 ,$272.56 ,$267.32 
12/11/19,$270.77 ,19723390,$268.81 ,$271.10 ,$268.50 
12/10/19,$268.48 ,22632380,$268.60 ,$270.07 ,$265.86 
12/9/19,$266.92 ,32182650,$270 ,$270.80 ,$264.91 
12/6/19,$270.71 ,26547490,$267.48 ,$271 ,$267.30 
12/5/19,$265.58 ,18661340,$263.79 ,$265.89 ,$262.73 
12/4/19,$261.74 ,16810390,$261.07 ,$263.31 ,$260.68 
12/3/19,$259.45 ,29377270,$258.31 ,$259.53 ,$256.29 
12/2/19,$264.16 ,23693550,$267.27 ,$268.25 ,$263.45 
11/29/19,$267.25 ,11654360,$266.60 ,$268 ,$265.90 
11/27/19,$267.84 ,16386120,$265.58 ,$267.98 ,$265.31 
11/26/19,$264.29 ,26334880,$266.94 ,$267.16 ,$262.50 
11/25/19,$266.37 ,21029520,$262.71 ,$266.44 ,$262.52 
11/22/19,$261.78 ,16331260,$262.59 ,$263.18 ,$260.84 
11/21/19,$262.01 ,30348780,$263.69 ,$264.01 ,$261.18 
11/20/19,$263.19 ,26609920,$265.54 ,$266.08 ,$260.40 
11/19/19,$266.29 ,19069600,$267.90 ,$268 ,$265.39 
11/18/19,$267.10 ,21700900,$265.80 ,$267.43 ,$264.23 
11/15/19,$265.76 ,25093670,$263.68 ,$265.78 ,$263.01 
11/14/19,$262.64 ,22395560,$263.75 ,$264.88 ,$262.10 
11/13/19,$264.47 ,25817590,$261.13 ,$264.78 ,$261.07 
11/12/19,$261.96 ,21847230,$261.55 ,$262.79 ,$260.92 
11/11/19,$262.20 ,20507460,$258.30 ,$262.47 ,$258.28 
11/8/19,$260.14 ,17520500,$258.69 ,$260.44 ,$256.85 
11/7/19,$259.43 ,23735080,$258.74 ,$260.35 ,$258.11 
11/6/19,$257.24 ,18966120,$256.77 ,$257.49 ,$255.37 
11/5/19,$257.13 ,19974430,$257.05 ,$258.19 ,$256.32 
11/4/19,$257.50 ,25817950,$257.33 ,$257.85 ,$255.38 
11/1/19,$255.82 ,37781330,$249.54 ,$255.93 ,$249.16 
10/31/19,$248.76 ,34790520,$247.24 ,$249.17 ,$237.26 
10/30/19,$243.26 ,31130520,$244.76 ,$245.30 ,$241.21 
10/29/19,$243.29 ,35709870,$248.97 ,$249.75 ,$242.57 
10/28/19,$249.05 ,24143240,$247.42 ,$249.25 ,$246.72 
10/25/19,$246.58 ,18369300,$243.16 ,$246.73 ,$242.88 
10/24/19,$243.58 ,17916260,$244.51 ,$244.80 ,$241.81 
10/23/19,$243.18 ,19932550,$242.10 ,$243.24 ,$241.22 
10/22/19,$239.96 ,22684000,$241.16 ,$242.20 ,$239.62 
10/21/19,$240.51 ,22367480,$237.52 ,$240.99 ,$237.32 
10/18/19,$236.41 ,24377170,$234.59 ,$237.58 ,$234.29 
10/17/19,$235.28 ,17272900,$235.09 ,$236.15 ,$233.52 
10/16/19,$234.37 ,19286690,$233.37 ,$235.24 ,$233.20 
10/15/19,$235.32 ,23040480,$236.39 ,$237.65 ,$234.88 
10/14/19,$235.87 ,24413480,$234.90 ,$238.13 ,$234.67 
10/11/19,$236.21 ,41990210,$232.95 ,$237.64 ,$232.31 
10/10/19,$230.09 ,28962980,$227.93 ,$230.44 ,$227.30 
10/9/19,$227.03 ,19029420,$227.03 ,$227.79 ,$225.64 
10/8/19,$224.40 ,29282700,$225.82 ,$228.06 ,$224.33 
10/7/19,$227.06 ,30889270,$226.27 ,$229.93 ,$225.84 
10/4/19,$227.01 ,34755550,$225.64 ,$227.49 ,$223.89 
10/3/19,$220.82 ,30352690,$218.43 ,$220.96 ,$215.13 
10/2/19,$218.96 ,35767260,$223.06 ,$223.58 ,$217.93 
10/1/19,$224.59 ,36187160,$225.07 ,$228.22 ,$224.20 
9/30/19,$223.97 ,26318580,$220.90 ,$224.58 ,$220.79 
9/27/19,$218.82 ,25361290,$220.54 ,$220.96 ,$217.28 
9/26/19,$219.89 ,19088310,$220 ,$220.94 ,$218.83 
9/25/19,$221.03 ,22481010,$218.55 ,$221.50 ,$217.14 
9/24/19,$217.68 ,31434370,$221.03 ,$222.49 ,$217.19 
9/23/19,$218.72 ,19419650,$218.95 ,$219.84 ,$217.65 
9/20/19,$217.73 ,57977090,$221.38 ,$222.56 ,$217.47 
9/19/19,$220.96 ,22187880,$222.01 ,$223.76 ,$220.37 
9/18/19,$222.77 ,25643090,$221.06 ,$222.85 ,$219.44 
9/17/19,$220.70 ,18386470,$219.96 ,$220.82 ,$219.12 
9/16/19,$219.90 ,21158140,$217.73 ,$220.13 ,$217.56 
9/13/19,$218.75 ,39763300,$220 ,$220.79 ,$217.02 
9/12/19,$223.09 ,32226670,$224.80 ,$226.42 ,$222.86 
9/11/19,$223.59 ,44289650,$218.07 ,$223.71 ,$217.73 
9/10/19,$216.70 ,31777930,$213.86 ,$216.78 ,$211.71 
9/9/19,$214.17 ,27309400,$214.84 ,$216.44 ,$211.07 
9/6/19,$213.26 ,19362290,$214.05 ,$214.42 ,$212.51 
9/5/19,$213.28 ,23946880,$212 ,$213.97 ,$211.51 
9/4/19,$209.19 ,19216820,$208.39 ,$209.48 ,$207.32 
9/3/19,$205.70 ,20059570,$206.43 ,$206.98 ,$204.22 
8/30/19,$208.74 ,21162560,$210.16 ,$210.45 ,$207.20 
8/29/19,$209.01 ,21007650,$208.50 ,$209.32 ,$206.66 
8/28/19,$205.53 ,15957630,$204.10 ,$205.72 ,$203.32 
8/27/19,$204.16 ,25897340,$207.86 ,$208.55 ,$203.53 
8/26/19,$206.49 ,26066130,$205.86 ,$207.19 ,$205.06 
8/23/19,$202.64 ,46882840,$209.43 ,$212.05 ,$201 
8/22/19,$212.46 ,22267820,$213.19 ,$214.44 ,$210.75 
8/21/19,$212.64 ,21564750,$212.99 ,$213.65 ,$211.60 
8/20/19,$210.36 ,26919530,$210.88 ,$213.35 ,$210.32 
8/19/19,$210.35 ,24431920,$210.62 ,$212.73 ,$210.03 
8/16/19,$206.50 ,28813620,$204.28 ,$207.16 ,$203.84 
8/15/19,$201.74 ,27883360,$203.46 ,$205.14 ,$199.67 
8/14/19,$202.75 ,36547440,$203.16 ,$206.44 ,$202.59 
8/13/19,$208.97 ,47539790,$201.02 ,$212.14 ,$200.83 
8/12/19,$200.48 ,22481890,$199.62 ,$202.05 ,$199.15 
8/9/19,$200.99 ,24619750,$201.30 ,$202.76 ,$199.29 
8/8/19,$203.43 ,27009520,$200.20 ,$203.53 ,$199.39 
8/7/19,$199.04 ,33364400,$195.41 ,$199.56 ,$193.82 
8/6/19,$197 ,35824790,$196.31 ,$198.07 ,$194.04 
8/5/19,$193.34 ,52392970,$197.99 ,$198.65 ,$192.58 
8/2/19,$204.02 ,40862120,$205.53 ,$206.43 ,$201.63 
8/1/19,$208.43 ,54017920,$213.90 ,$218.03 ,$206.74 
7/31/19,$213.04 ,69281360,$216.42 ,$221.37 ,$211.30 
7/30/19,$208.78 ,33935720,$208.76 ,$210.16 ,$207.31 
7/29/19,$209.68 ,21673390,$208.46 ,$210.64 ,$208.44 
7/26/19,$207.74 ,17618870,$207.48 ,$209.73 ,$207.14 
7/25/19,$207.02 ,13909560,$208.89 ,$209.24 ,$206.73 
7/24/19,$208.67 ,14991570,$207.67 ,$209.15 ,$207.17 
7/23/19,$208.84 ,18355210,$208.46 ,$208.91 ,$207.29 
7/22/19,$207.22 ,22277930,$203.65 ,$207.23 ,$203.61 
7/19/19,$202.59 ,20929310,$205.79 ,$206.50 ,$202.36 
7/18/19,$205.66 ,18582160,$204 ,$205.88 ,$203.70 
7/17/19,$203.35 ,14107450,$204.05 ,$205.09 ,$203.27 
7/16/19,$204.50 ,16866820,$204.59 ,$206.11 ,$203.50 
7/15/19,$205.21 ,16947420,$204.09 ,$205.87 ,$204 
7/12/19,$203.30 ,17595210,$202.45 ,$204 ,$202.20 
7/11/19,$201.75 ,20191840,$203.31 ,$204.39 ,$201.71 
7/10/19,$203.23 ,17897140,$201.85 ,$203.73 ,$201.56 
7/9/19,$201.24 ,20578020,$199.20 ,$201.51 ,$198.81 
7/8/19,$200.02 ,25338630,$200.81 ,$201.40 ,$198.41 
7/5/19,$204.23 ,17265520,$203.35 ,$205.08 ,$202.90 
7/3/19,$204.41 ,11362050,$203.28 ,$204.44 ,$202.69 
7/2/19,$202.73 ,16935220,$201.41 ,$203.13 ,$201.36 
7/1/19,$201.55 ,27316740,$203.17 ,$204.49 ,$200.65 
6/28/19,$197.92 ,31110640,$198.68 ,$199.50 ,$197.05 
6/27/19,$199.74 ,20899720,$200.29 ,$201.57 ,$199.57 
6/26/19,$199.80 ,26067510,$197.77 ,$200.99 ,$197.35 
6/25/19,$195.57 ,21070330,$198.43 ,$199.26 ,$195.29 
6/24/19,$198.58 ,18220420,$198.54 ,$200.16 ,$198.17 
6/21/19,$198.78 ,47800590,$198.80 ,$200.85 ,$198.15 
6/20/19,$199.46 ,21513990,$200.37 ,$200.61 ,$198.03 
6/19/19,$197.87 ,21124240,$199.68 ,$199.88 ,$197.31 
6/18/19,$198.45 ,26551000,$196.05 ,$200.29 ,$195.21 
6/17/19,$193.89 ,14669140,$192.90 ,$194.96 ,$192.17 
6/14/19,$192.74 ,18761470,$191.55 ,$193.59 ,$190.30 
6/13/19,$194.15 ,21674630,$194.70 ,$196.79 ,$193.60 
6/12/19,$194.19 ,18253190,$193.95 ,$195.97 ,$193.39 
6/11/19,$194.81 ,26932880,$194.86 ,$196 ,$193.60 
6/10/19,$192.58 ,26220850,$191.81 ,$195.37 ,$191.62 
6/7/19,$190.15 ,30684390,$186.51 ,$191.92 ,$185.77 
6/6/19,$185.22 ,22526310,$183.08 ,$185.47 ,$182.15 
6/5/19,$182.54 ,29773430,$184.28 ,$184.99 ,$181.14 
6/4/19,$179.64 ,30967960,$175.44 ,$179.83 ,$174.52 
6/3/19,$173.30 ,40396070,$175.60 ,$177.92 ,$170.27 
5/31/19,$175.07 ,27043580,$176.23 ,$177.99 ,$174.99 
5/30/19,$178.30 ,21218410,$177.95 ,$179.23 ,$176.67 
5/29/19,$177.38 ,28481170,$176.42 ,$179.35 ,$176 
5/28/19,$178.23 ,27948160,$178.92 ,$180.59 ,$177.91 
5/24/19,$178.97 ,23714690,$180.20 ,$182.14 ,$178.62 
5/23/19,$179.66 ,36529740,$179.80 ,$180.54 ,$177.81 
5/22/19,$182.78 ,29748560,$184.66 ,$185.71 ,$182.55 
5/21/19,$186.60 ,28364850,$185.22 ,$188 ,$184.70 
5/20/19,$183.09 ,38612290,$183.52 ,$184.35 ,$180.28 
5/17/19,$189 ,32879090,$186.93 ,$190.90 ,$186.76 
5/16/19,$190.08 ,33031360,$189.91 ,$192.47 ,$188.84 
5/15/19,$190.92 ,26544720,$186.27 ,$191.75 ,$186.02 
5/14/19,$188.66 ,36529680,$186.41 ,$189.70 ,$185.41 
5/13/19,$185.72 ,57430620,$187.71 ,$189.48 ,$182.85 
5/10/19,$197.18 ,41208710,$197.42 ,$198.85 ,$192.77 
5/9/19,$200.72 ,34908610,$200.40 ,$201.68 ,$196.66 
5/8/19,$202.90 ,26339500,$201.90 ,$205.34 ,$201.75 
5/7/19,$202.86 ,38763700,$205.88 ,$207.42 ,$200.83 
5/6/19,$208.48 ,32443110,$204.29 ,$208.84 ,$203.50 
5/3/19,$211.75 ,20892380,$210.89 ,$211.84 ,$210.23 
5/2/19,$209.15 ,31996320,$209.84 ,$212.65 ,$208.13 
5/1/19,$210.52 ,64827330,$209.88 ,$215.31 ,$209.23 
4/30/19,$200.67 ,45751160,$203.06 ,$203.40 ,$199.11 
4/29/19,$204.61 ,22010360,$204.40 ,$205.97 ,$203.86 
4/26/19,$204.30 ,18612770,$204.90 ,$205 ,$202.12 
4/25/19,$205.28 ,18463850,$206.83 ,$207.76 ,$205.12 
4/24/19,$207.16 ,17427570,$207.36 ,$208.48 ,$207.05 
4/23/19,$207.48 ,23286380,$204.43 ,$207.75 ,$203.90 
4/22/19,$204.53 ,17841920,$202.83 ,$204.94 ,$202.34 
4/18/19,$203.86 ,24185530,$203.12 ,$204.15 ,$202.52 
4/17/19,$203.13 ,28865310,$199.54 ,$203.38 ,$198.61 
4/16/19,$199.25 ,25668330,$199.46 ,$201.37 ,$198.56 
4/15/19,$199.23 ,17524150,$198.58 ,$199.85 ,$198.01 
4/12/19,$198.87 ,27738580,$199.20 ,$200.14 ,$196.21 
4/11/19,$198.95 ,20543190,$200.85 ,$201 ,$198.44 
4/10/19,$200.62 ,21654750,$198.68 ,$200.74 ,$198.18 
4/9/19,$199.50 ,35738280,$200.32 ,$202.85 ,$199.23 
4/8/19,$200.10 ,25829880,$196.42 ,$200.23 ,$196.34 
4/5/19,$197 ,18473070,$196.45 ,$197.10 ,$195.93 
4/4/19,$195.69 ,19090050,$194.79 ,$196.37 ,$193.14 
4/3/19,$195.35 ,23243160,$193.25 ,$196.50 ,$193.15 
4/2/19,$194.02 ,22727370,$191.09 ,$194.46 ,$191.05 
4/1/19,$191.24 ,27308200,$191.64 ,$191.68 ,$188.38 
3/29/19,$189.95 ,23524830,$189.83 ,$190.08 ,$188.54 
3/28/19,$188.72 ,20710390,$188.95 ,$189.56 ,$187.53 
3/27/19,$188.47 ,29771210,$188.75 ,$189.76 ,$186.55 
3/26/19,$186.79 ,49696100,$191.66 ,$192.88 ,$184.58 
3/25/19,$188.74 ,43751810,$191.51 ,$191.98 ,$186.60 
3/22/19,$191.05 ,42287640,$195.34 ,$197.69 ,$190.78 
3/21/19,$195.09 ,50943120,$190.02 ,$196.33 ,$189.81 
3/20/19,$188.16 ,31003380,$186.23 ,$189.49 ,$184.73 
3/19/19,$186.53 ,31440300,$188.35 ,$188.99 ,$185.92 
3/18/19,$188.02 ,26148590,$185.80 ,$188.39 ,$185.79 
3/15/19,$186.12 ,39017490,$184.85 ,$187.33 ,$183.74 
3/14/19,$183.73 ,23527660,$183.90 ,$184.10 ,$182.56 
3/13/19,$181.71 ,30929740,$182.25 ,$183.30 ,$180.92 
3/12/19,$180.91 ,32416800,$180 ,$182.67 ,$179.37 
3/11/19,$178.90 ,31123000,$175.49 ,$179.12 ,$175.35 
3/8/19,$172.91 ,23985960,$170.32 ,$173.07 ,$169.50 
3/7/19,$172.50 ,24755470,$173.87 ,$174.44 ,$172.02 
3/6/19,$174.52 ,20755140,$174.67 ,$175.49 ,$173.94 
3/5/19,$175.53 ,19238480,$175.94 ,$176 ,$174.54 
3/4/19,$175.85 ,27413060,$175.69 ,$177.75 ,$173.97 
3/1/19,$174.97 ,25737560,$174.28 ,$175.15 ,$172.89 
2/28/19,$173.15 ,27953810,$174.32 ,$174.91 ,$172.92 
2/27/19,$174.87 ,27817640,$173.21 ,$175 ,$172.73 
2/26/19,$174.33 ,16991610,$173.71 ,$175.30 ,$173.17 
2/25/19,$174.23 ,21846400,$174.16 ,$175.87 ,$173.95 
2/22/19,$172.97 ,18890250,$171.58 ,$173 ,$171.38 
2/21/19,$171.06 ,17154540,$171.80 ,$172.37 ,$170.30 
2/20/19,$172.03 ,25323890,$171.19 ,$173.32 ,$170.99 
2/19/19,$170.93 ,18958570,$169.71 ,$171.44 ,$169.49 
2/15/19,$170.42 ,24603320,$171.25 ,$171.70 ,$169.75 
2/14/19,$170.80 ,21785180,$169.71 ,$171.26 ,$169.38 
2/13/19,$170.18 ,22389660,$171.39 ,$172.48 ,$169.92 
2/12/19,$170.89 ,22224400,$170.10 ,$171 ,$169.70 
2/11/19,$169.43 ,20940020,$171.05 ,$171.21 ,$169.25 
2/8/19,$170.41 ,23793830,$168.99 ,$170.66 ,$168.42 
2/7/19,$170.94 ,31644240,$172.40 ,$173.94 ,$170.34 
2/6/19,$174.24 ,28204640,$174.65 ,$175.57 ,$172.85 
2/5/19,$174.18 ,36054570,$172.86 ,$175.08 ,$172.35 
2/4/19,$171.25 ,31384720,$167.41 ,$171.66 ,$167.28 
2/1/19,$166.52 ,32644590,$166.96 ,$168.98 ,$165.93 
1/31/19,$166.44 ,40613260,$166.11 ,$169 ,$164.56 
1/30/19,$165.25 ,60800480,$163.25 ,$166.15 ,$160.23 
1/29/19,$154.68 ,39914850,$156.25 ,$158.13 ,$154.11 
1/28/19,$156.30 ,26147280,$155.79 ,$156.33 ,$153.66 
1/25/19,$157.76 ,33508960,$155.48 ,$158.13 ,$154.32 
1/24/19,$152.70 ,25418110,$154.11 ,$154.48 ,$151.74 
1/23/19,$153.92 ,23046560,$154.15 ,$155.14 ,$151.70 
1/22/19,$153.30 ,30273990,$156.41 ,$156.73 ,$152.62 
1/18/19,$156.82 ,33259460,$157.50 ,$157.88 ,$155.98 
1/17/19,$155.86 ,29616190,$154.20 ,$157.66 ,$153.26 
1/16/19,$154.94 ,30483120,$153.08 ,$155.88 ,$153 
1/15/19,$153.07 ,28449940,$150.27 ,$153.39 ,$150.05 
1/14/19,$150 ,32018540,$150.85 ,$151.27 ,$149.22 
1/11/19,$152.29 ,26924630,$152.88 ,$153.70 ,$151.51 
1/10/19,$153.80 ,35661200,$152.50 ,$153.97 ,$150.86 
1/9/19,$153.31 ,45034370,$151.29 ,$154.53 ,$149.63 
1/8/19,$150.75 ,40622910,$149.56 ,$151.82 ,$148.52 
1/7/19,$147.93 ,54571440,$148.70 ,$148.83 ,$145.90 
1/4/19,$148.26 ,57423650,$144.53 ,$148.55 ,$143.80 
1/3/19,$142.19 ,91106840,$143.98 ,$145.72 ,$142 
1/2/19,$157.92 ,35637070,$154.89 ,$158.85 ,$154.23 
12/31/18,$157.74 ,34499390,$158.53 ,$159.36 ,$156.48 
12/28/18,$156.23 ,41740600,$157.50 ,$158.52 ,$154.55 
12/27/18,$156.15 ,51608850,$155.84 ,$156.77 ,$150.07 
12/26/18,$157.17 ,58133850,$148.30 ,$157.23 ,$146.72 
12/24/18,$146.83 ,37169230,$148.15 ,$151.55 ,$146.59 
12/21/18,$150.73 ,95497900,$156.86 ,$158.16 ,$149.63 
12/20/18,$156.83 ,64398230,$160.40 ,$162.11 ,$155.30 
12/19/18,$160.89 ,47597670,$166 ,$167.45 ,$159.09 
12/18/18,$166.07 ,33753490,$165.38 ,$167.53 ,$164.39 
12/17/18,$163.94 ,43250420,$165.45 ,$168.35 ,$162.73 
12/14/18,$165.48 ,40620360,$169 ,$169.08 ,$165.28 
12/13/18,$170.95 ,31754210,$170.49 ,$172.57 ,$169.55 
12/12/18,$169.10 ,35474680,$170.40 ,$171.92 ,$169.02 
12/11/18,$168.63 ,45968040,$171.66 ,$171.79 ,$167 
12/10/18,$169.60 ,61759000,$165 ,$170.09 ,$163.33 
12/7/18,$168.49 ,41678680,$173.49 ,$174.49 ,$168.30 
12/6/18,$174.72 ,42704910,$171.76 ,$174.78 ,$170.42 
12/4/18,$176.69 ,41141250,$180.95 ,$182.39 ,$176.27 
12/3/18,$184.82 ,40537700,$184.46 ,$184.94 ,$181.21 
11/30/18,$178.58 ,39424260,$180.29 ,$180.33 ,$177.03 
11/29/18,$179.55 ,41523580,$182.66 ,$182.80 ,$177.70 
11/28/18,$180.94 ,45941750,$176.73 ,$181.29 ,$174.93 
11/27/18,$174.24 ,41156140,$171.51 ,$174.77 ,$170.88 
11/26/18,$174.62 ,44662320,$174.24 ,$174.95 ,$170.26 
11/23/18,$172.29 ,23623970,$174.94 ,$176.60 ,$172.10 
11/21/18,$176.78 ,31096240,$179.73 ,$180.27 ,$176.55 
11/20/18,$176.98 ,67678680,$178.37 ,$181.47 ,$175.51 
11/19/18,$185.86 ,41626820,$190 ,$190.70 ,$184.99 
11/16/18,$193.53 ,36191330,$190.50 ,$194.97 ,$189.46 
11/15/18,$191.41 ,46271660,$188.39 ,$191.97 ,$186.90 
11/14/18,$186.80 ,60547340,$193.90 ,$194.48 ,$185.93 
11/13/18,$192.23 ,46725710,$191.63 ,$197.18 ,$191.45 
11/12/18,$194.17 ,50991030,$199 ,$199.85 ,$193.79 
11/9/18,$204.47 ,34317760,$205.55 ,$206.01 ,$202.25 
11/8/18,$208.49 ,25289270,$209.98 ,$210.12 ,$206.75 
11/7/18,$209.95 ,33291640,$205.97 ,$210.06 ,$204.13 
11/6/18,$203.77 ,31774720,$201.92 ,$204.72 ,$201.69 
11/5/18,$201.59 ,66072170,$204.30 ,$204.39 ,$198.17 
11/2/18,$207.48 ,91046560,$209.55 ,$213.65 ,$205.43 
11/1/18,$222.22 ,52954070,$219.05 ,$222.36 ,$216.81 
10/31/18,$218.86 ,38016810,$216.88 ,$220.45 ,$216.62 
10/30/18,$213.30 ,36487930,$211.15 ,$215.18 ,$209.27 
10/29/18,$212.24 ,45713690,$219.19 ,$219.69 ,$206.09 
10/26/18,$216.30 ,47191700,$215.90 ,$220.19 ,$212.67 
10/25/18,$219.80 ,29027340,$217.71 ,$221.38 ,$216.75 
10/24/18,$215.09 ,39992120,$222.60 ,$224.23 ,$214.54 
10/23/18,$222.73 ,38681170,$215.83 ,$223.25 ,$214.70 
10/22/18,$220.65 ,28751540,$219.79 ,$223.36 ,$218.94 
10/19/18,$219.31 ,32874330,$218.06 ,$221.26 ,$217.43 
10/18/18,$216.02 ,32389280,$217.86 ,$219.74 ,$213 
10/17/18,$221.19 ,22692880,$222.30 ,$222.64 ,$219.34 
10/16/18,$222.15 ,28802550,$218.93 ,$222.99 ,$216.76 
10/15/18,$217.36 ,30280450,$221.16 ,$221.83 ,$217.27 
10/12/18,$222.11 ,39494770,$220.42 ,$222.88 ,$216.84 
10/11/18,$214.45 ,52902320,$214.52 ,$219.50 ,$212.32 
10/10/18,$216.36 ,41084070,$225.46 ,$226.35 ,$216.05 
10/9/18,$226.87 ,26656630,$223.64 ,$227.27 ,$222.25 
10/8/18,$223.77 ,28784550,$222.21 ,$224.80 ,$220.20 
10/5/18,$224.29 ,33507770,$227.96 ,$228.41 ,$220.58 
10/4/18,$227.99 ,31961120,$230.78 ,$232.35 ,$226.73 
10/3/18,$232.07 ,28540490,$230.05 ,$233.47 ,$229.78 
10/2/18,$229.28 ,24435010,$227.25 ,$230 ,$226.63 
10/1/18,$227.26 ,23171020,$227.95 ,$229.42 ,$226.35 
9/28/18,$225.74 ,22560440,$224.79 ,$225.84 ,$224.02 
9/27/18,$224.95 ,29729270,$223.82 ,$226.44 ,$223.54 
9/26/18,$220.42 ,23430370,$221 ,$223.75 ,$219.76 
9/25/18,$222.19 ,22811140,$219.75 ,$222.82 ,$219.70 
9/24/18,$220.79 ,27581270,$216.82 ,$221.26 ,$216.63 
9/21/18,$217.66 ,95584080,$220.78 ,$221.36 ,$217.29 
9/20/18,$220.03 ,26388050,$220.24 ,$222.28 ,$219.15 
9/19/18,$218.37 ,26869880,$218.50 ,$219.62 ,$215.30 
9/18/18,$218.24 ,31495630,$217.79 ,$221.85 ,$217.12 
9/17/18,$217.88 ,36810120,$222.15 ,$222.95 ,$217.27 
9/14/18,$223.84 ,31801970,$225.75 ,$226.84 ,$222.52 
9/13/18,$226.41 ,41411350,$223.52 ,$228.35 ,$222.57 
9/12/18,$221.07 ,49118510,$224.94 ,$225 ,$219.84 
9/11/18,$223.85 ,35644510,$218.01 ,$224.30 ,$216.56 
9/10/18,$218.33 ,39194720,$220.95 ,$221.85 ,$216.47 
9/7/18,$221.30 ,37418910,$221.85 ,$225.37 ,$220.71 
9/6/18,$223.10 ,34121240,$226.23 ,$227.35 ,$221.30 
9/5/18,$226.87 ,33290830,$228.99 ,$229.67 ,$225.10 
9/4/18,$228.36 ,27363960,$228.41 ,$229.18 ,$226.63 
8/31/18,$227.63 ,43177540,$226.51 ,$228.87 ,$226 
8/30/18,$225.03 ,48696960,$223.25 ,$228.26 ,$222.40 
8/29/18,$222.98 ,27074260,$220.15 ,$223.49 ,$219.41 
8/28/18,$219.70 ,22751390,$219.01 ,$220.54 ,$218.92 
8/27/18,$217.94 ,20400770,$217.15 ,$218.74 ,$216.33 
8/24/18,$216.16 ,18457720,$216.60 ,$216.90 ,$215.11 
8/23/18,$215.49 ,18505780,$214.65 ,$217.05 ,$214.60 
8/22/18,$215.05 ,18965930,$214.10 ,$216.36 ,$213.84 
8/21/18,$215.04 ,25682700,$216.80 ,$217.19 ,$214.03 
8/20/18,$215.46 ,30149410,$218.10 ,$219.18 ,$215.11 
8/17/18,$217.58 ,35034410,$213.44 ,$217.95 ,$213.16 
8/16/18,$213.32 ,27595310,$211.75 ,$213.81 ,$211.47 
8/15/18,$210.24 ,28595230,$209.22 ,$210.74 ,$208.33 
8/14/18,$209.75 ,20679270,$210.16 ,$210.56 ,$208.26 
8/13/18,$208.87 ,25864510,$207.70 ,$210.95 ,$207.70 
8/10/18,$207.53 ,24592460,$207.36 ,$209.10 ,$206.67 
8/9/18,$208.88 ,23389530,$207.28 ,$209.78 ,$207.20 
8/8/18,$207.25 ,22493750,$206.05 ,$207.81 ,$204.52 
8/7/18,$207.11 ,25525650,$209.32 ,$209.50 ,$206.76 
8/6/18,$209.07 ,25396100,$208 ,$209.25 ,$207.07 
8/3/18,$207.99 ,33408050,$207.03 ,$208.74 ,$205.48 
8/2/18,$207.39 ,62317430,$200.58 ,$208.38 ,$200.35 
8/1/18,$201.50 ,67812280,$199.13 ,$201.76 ,$197.31 
7/31/18,$190.29 ,37847260,$190.30 ,$192.14 ,$189.34 
7/30/18,$189.91 ,20912890,$191.90 ,$192.20 ,$189.07 
7/27/18,$190.98 ,23975350,$194.99 ,$195.19 ,$190.10 
7/26/18,$194.21 ,19005150,$194.61 ,$195.96 ,$193.61 
7/25/18,$194.82 ,16553500,$193.06 ,$194.85 ,$192.43 
7/24/18,$193 ,18680930,$192.45 ,$193.66 ,$192.05 
7/23/18,$191.61 ,15955820,$190.68 ,$191.96 ,$189.56 
7/20/18,$191.44 ,20670830,$191.78 ,$192.43 ,$190.17 
7/19/18,$191.88 ,20182050,$189.69 ,$192.55 ,$189.69 
7/18/18,$190.40 ,16365720,$191.78 ,$191.80 ,$189.93 
7/17/18,$191.45 ,15515000,$189.75 ,$191.87 ,$189.20 
7/16/18,$190.91 ,15009800,$191.52 ,$192.65 ,$190.42 
7/13/18,$191.33 ,12506830,$191.08 ,$191.84 ,$190.90 
7/12/18,$191.03 ,18000180,$189.53 ,$191.41 ,$189.31 
7/11/18,$187.88 ,18776390,$188.50 ,$189.78 ,$187.61 
7/10/18,$190.35 ,15801370,$190.71 ,$191.28 ,$190.18 
7/9/18,$190.58 ,19636390,$189.50 ,$190.68 ,$189.30 
7/6/18,$187.97 ,17426160,$185.42 ,$188.43 ,$185.20 
7/5/18,$185.40 ,16543880,$185.26 ,$186.41 ,$184.28 
7/3/18,$183.92 ,13954810,$187.79 ,$187.95 ,$183.54 
7/2/18,$187.18 ,17675210,$183.82 ,$187.30 ,$183.42 
6/29/18,$185.11 ,22551660,$186.29 ,$187.19 ,$182.91 
6/28/18,$185.50 ,17352380,$184.10 ,$186.21 ,$183.80 
6/27/18,$184.16 ,24987260,$185.23 ,$187.28 ,$184.03 
6/26/18,$184.43 ,24378480,$182.99 ,$186.53 ,$182.54 
6/25/18,$182.17 ,31632320,$183.40 ,$184.92 ,$180.73 
6/22/18,$184.92 ,27185130,$186.12 ,$186.15 ,$184.70 
6/21/18,$185.46 ,25649240,$187.25 ,$188.35 ,$184.94 
6/20/18,$186.50 ,20490090,$186.35 ,$187.20 ,$185.73 
6/19/18,$185.69 ,33538550,$185.14 ,$186.33 ,$183.45 
6/18/18,$188.74 ,18458410,$187.88 ,$189.22 ,$187.20 
6/15/18,$188.84 ,61438290,$190.03 ,$190.16 ,$188.26 
6/14/18,$190.80 ,21584720,$191.55 ,$191.57 ,$190.22 
6/13/18,$190.70 ,21480120,$192.42 ,$192.88 ,$190.44 
6/12/18,$192.28 ,16859020,$191.39 ,$192.61 ,$191.15 
6/11/18,$191.23 ,18069930,$191.35 ,$191.97 ,$190.21 
6/8/18,$191.70 ,26580710,$191.17 ,$192 ,$189.77 
6/7/18,$193.46 ,21329170,$194.14 ,$194.20 ,$192.34 
6/6/18,$193.98 ,20912820,$193.63 ,$194.08 ,$191.92 
6/5/18,$193.31 ,21535570,$193.07 ,$193.94 ,$192.36 
6/4/18,$191.83 ,26190620,$191.64 ,$193.42 ,$191.35 
6/1/18,$190.24 ,23377690,$187.99 ,$190.26 ,$187.75 
5/31/18,$186.87 ,27468700,$187.22 ,$188.23 ,$186.14 
5/30/18,$187.50 ,18503410,$187.72 ,$188 ,$186.78 
5/29/18,$187.90 ,22409110,$187.60 ,$188.75 ,$186.87 
5/25/18,$188.58 ,17186760,$188.23 ,$189.65 ,$187.65 
5/24/18,$188.15 ,23129400,$188.77 ,$188.84 ,$186.21 
5/23/18,$188.36 ,19966590,$186.35 ,$188.50 ,$185.76 
5/22/18,$187.16 ,15228270,$188.38 ,$188.88 ,$186.78 
5/21/18,$187.63 ,18383080,$188 ,$189.27 ,$186.91 
5/18/18,$186.31 ,18083080,$187.19 ,$187.81 ,$186.13 
5/17/18,$186.99 ,17014490,$188 ,$188.91 ,$186.36 
5/16/18,$188.18 ,19046600,$186.07 ,$188.46 ,$186 
5/15/18,$186.44 ,23639070,$186.78 ,$187.07 ,$185.10 
5/14/18,$188.15 ,20393070,$189.01 ,$189.53 ,$187.86 
5/11/18,$188.59 ,26167950,$189.49 ,$190.06 ,$187.45 
5/10/18,$190.04 ,27942430,$187.74 ,$190.37 ,$187.65 
5/9/18,$187.36 ,23141260,$186.55 ,$187.40 ,$185.22 
5/8/18,$186.05 ,28053230,$184.99 ,$186.22 ,$183.67 
5/7/18,$185.16 ,42557530,$185.18 ,$187.67 ,$184.75 
5/4/18,$183.83 ,56137230,$178.25 ,$184.25 ,$178.17 
5/3/18,$176.89 ,33944110,$175.88 ,$177.50 ,$174.44 
5/2/18,$176.57 ,66454720,$175.23 ,$177.75 ,$173.80 
5/1/18,$169.10 ,52228910,$166.41 ,$169.20 ,$165.27 
4/30/18,$165.26 ,41976500,$162.13 ,$167.26 ,$161.84 
4/27/18,$162.32 ,35617230,$164 ,$164.33 ,$160.63 
4/26/18,$164.22 ,27850370,$164.12 ,$165.73 ,$163.37 
4/25/18,$163.65 ,28331540,$162.62 ,$165.42 ,$162.41 
4/24/18,$162.94 ,33674960,$165.67 ,$166.33 ,$161.22 
4/23/18,$165.24 ,36396590,$166.84 ,$166.92 ,$164.09 
4/20/18,$165.72 ,65270950,$170.60 ,$171.22 ,$165.43 
4/19/18,$172.80 ,34693280,$174.95 ,$175.39 ,$172.66 
4/18/18,$177.84 ,20544600,$177.81 ,$178.82 ,$176.88 
4/17/18,$178.24 ,26575010,$176.49 ,$178.94 ,$176.41 
4/16/18,$175.82 ,21561320,$175.03 ,$176.19 ,$174.83 
4/13/18,$174.73 ,25100510,$174.78 ,$175.84 ,$173.85 
4/12/18,$174.14 ,22858840,$173.41 ,$175 ,$173.04 
4/11/18,$172.44 ,22401040,$172.23 ,$173.92 ,$171.70 
4/10/18,$173.25 ,28567110,$173 ,$174 ,$171.53 
4/9/18,$170.05 ,28976200,$169.88 ,$173.09 ,$169.85 
4/6/18,$168.38 ,34949690,$170.97 ,$172.48 ,$168.20 
4/5/18,$172.80 ,26750260,$172.58 ,$174.23 ,$172.08 
4/4/18,$171.61 ,34581850,$164.88 ,$172.01 ,$164.77 
4/3/18,$168.39 ,30237640,$167.64 ,$168.75 ,$164.88 
4/2/18,$166.68 ,37425640,$167.88 ,$168.94 ,$164.47 
3/29/18,$167.78 ,38116290,$167.81 ,$171.75 ,$166.90 
3/28/18,$166.48 ,41464880,$167.25 ,$170.02 ,$165.19 
3/27/18,$168.34 ,39824200,$173.68 ,$175.15 ,$166.92 
3/26/18,$172.77 ,36778560,$168.07 ,$173.10 ,$166.44 
3/23/18,$164.94 ,40984540,$168.39 ,$169.92 ,$164.94 
3/22/18,$168.85 ,41335980,$170 ,$172.68 ,$168.60 
3/21/18,$171.27 ,36387880,$175.04 ,$175.09 ,$171.26 
3/20/18,$175.24 ,19620520,$175.24 ,$176.80 ,$174.94 
3/19/18,$175.30 ,32931110,$177.32 ,$177.47 ,$173.66 
3/16/18,$178.02 ,38313330,$178.65 ,$179.12 ,$177.62 
3/15/18,$178.65 ,22676520,$178.50 ,$180.24 ,$178.07 
3/14/18,$178.44 ,29334630,$180.32 ,$180.52 ,$177.81 
3/13/18,$179.97 ,31464170,$182.59 ,$183.50 ,$179.24 
3/12/18,$181.72 ,32191070,$180.29 ,$182.39 ,$180.21 
3/9/18,$179.98 ,32130360,$177.96 ,$180 ,$177.39 
3/8/18,$176.94 ,24518850,$175.48 ,$177.12 ,$175.07 
3/7/18,$175.03 ,31686450,$174.94 ,$175.85 ,$174.27 
3/6/18,$176.67 ,23273160,$177.91 ,$178.25 ,$176.13 
3/5/18,$176.82 ,27825140,$175.21 ,$177.74 ,$174.52 
3/2/18,$176.21 ,38426060,$172.80 ,$176.30 ,$172.45 
3/1/18,$175 ,48706170,$178.54 ,$179.78 ,$172.66 
2/28/18,$178.12 ,37568080,$179.26 ,$180.62 ,$178.05 
2/27/18,$178.39 ,38885510,$179.10 ,$180.48 ,$178.16 
2/26/18,$178.97 ,37353670,$176.35 ,$179.39 ,$176.21 
2/23/18,$175.50 ,33772050,$173.67 ,$175.65 ,$173.54 
2/22/18,$172.50 ,30953760,$171.80 ,$173.95 ,$171.71 
2/21/18,$171.07 ,37378070,$172.83 ,$174.12 ,$171.01 
2/20/18,$171.85 ,33690660,$172.05 ,$174.26 ,$171.42 
2/16/18,$172.43 ,40113790,$172.36 ,$174.82 ,$171.77 
2/15/18,$172.99 ,50908540,$169.79 ,$173.09 ,$169 
2/14/18,$167.37 ,40382890,$163.05 ,$167.54 ,$162.88 
2/13/18,$164.34 ,32483310,$161.95 ,$164.75 ,$161.65 
2/12/18,$162.71 ,60774900,$158.50 ,$163.89 ,$157.51 
2/9/18,$156.41 ,70583530,$157.07 ,$157.89 ,$150.24 
2/8/18,$155.15 ,54145930,$160.29 ,$161 ,$155.03 
2/7/18,$159.54 ,51467440,$163.09 ,$163.40 ,$159.07 
2/6/18,$163.03 ,68171940,$154.83 ,$163.72 ,$154 
2/5/18,$156.49 ,72215320,$159.10 ,$163.88 ,$156 
2/2/18,$160.50 ,85957050,$166 ,$166.80 ,$160.10 
2/1/18,$167.78 ,44453230,$167.17 ,$168.62 ,$166.76 
1/31/18,$167.43 ,32234520,$166.87 ,$168.44 ,$166.50 
1/30/18,$166.97 ,45635470,$165.53 ,$167.37 ,$164.70 
1/29/18,$167.96 ,50565420,$170.16 ,$170.16 ,$167.07 
1/26/18,$171.51 ,39075250,$172 ,$172 ,$170.06 
1/25/18,$171.11 ,41438280,$174.51 ,$174.95 ,$170.53 
1/24/18,$174.22 ,51368540,$177.25 ,$177.30 ,$173.20 
1/23/18,$177.04 ,32395870,$177.30 ,$179.44 ,$176.82 
1/22/18,$177 ,27052000,$177.30 ,$177.78 ,$176.60 
1/19/18,$178.46 ,31306390,$178.61 ,$179.58 ,$177.41 
1/18/18,$179.26 ,31087330,$179.37 ,$180.10 ,$178.25 
1/17/18,$179.10 ,34260230,$176.15 ,$179.25 ,$175.07 
1/16/18,$176.19 ,29512410,$177.90 ,$179.39 ,$176.14 
1/12/18,$177.09 ,25302200,$176.18 ,$177.36 ,$175.65 
1/11/18,$175.28 ,18653380,$174.59 ,$175.49 ,$174.49 
1/10/18,$174.29 ,23751690,$173.16 ,$174.30 ,$173 
1/9/18,$174.33 ,21532200,$174.55 ,$175.06 ,$173.41 
1/8/18,$174.35 ,20523870,$174.35 ,$175.61 ,$173.93 
1/5/18,$175 ,23589930,$173.44 ,$175.37 ,$173.05 
1/4/18,$173.03 ,22342650,$172.54 ,$173.47 ,$172.08 
1/3/18,$172.23 ,29461040,$172.53 ,$174.55 ,$171.96 
1/2/18,$172.26 ,25400540,$170.16 ,$172.30 ,$169.26 
12/29/17,$169.23 ,25938760,$170.52 ,$170.59 ,$169.22 
12/28/17,$171.08 ,16412270,$171 ,$171.85 ,$170.48 
12/27/17,$170.60 ,21477380,$170.10 ,$170.78 ,$169.71 
12/26/17,$170.57 ,33113340,$170.80 ,$171.47 ,$169.68 
12/22/17,$175.01 ,16339690,$174.68 ,$175.42 ,$174.50 
12/21/17,$175.01 ,20848660,$174.17 ,$176.02 ,$174.10 
12/20/17,$174.35 ,23451420,$174.87 ,$175.42 ,$173.25 
12/19/17,$174.54 ,27393660,$175.03 ,$175.39 ,$174.09 
12/18/17,$176.42 ,29385650,$174.88 ,$177.20 ,$174.86 
12/15/17,$173.97 ,40122100,$173.63 ,$174.17 ,$172.46 
12/14/17,$172.22 ,20442740,$172.40 ,$173.13 ,$171.65 
12/13/17,$172.27 ,23402510,$172.50 ,$173.54 ,$172 
12/12/17,$171.70 ,19088170,$172.15 ,$172.39 ,$171.46 
12/11/17,$172.67 ,34260890,$169.20 ,$172.89 ,$168.79 
12/8/17,$169.37 ,23285760,$170.49 ,$171 ,$168.82 
12/7/17,$169.32 ,25656110,$169.03 ,$170.44 ,$168.91 
12/6/17,$169.01 ,28397810,$167.50 ,$170.20 ,$166.46 
12/5/17,$169.64 ,27315530,$169.06 ,$171.52 ,$168.40 
12/4/17,$169.80 ,32512580,$172.48 ,$172.62 ,$169.63 
12/1/17,$171.05 ,39735110,$169.95 ,$171.67 ,$168.50 
11/30/17,$171.85 ,41484540,$170.43 ,$172.14 ,$168.44 
11/29/17,$169.48 ,41459120,$172.63 ,$172.92 ,$167.16 
11/28/17,$173.07 ,26387240,$174.30 ,$174.87 ,$171.86 
11/27/17,$174.09 ,20591090,$175.05 ,$175.08 ,$173.34 
11/24/17,$174.97 ,14026670,$175.10 ,$175.50 ,$174.65 
11/22/17,$174.96 ,25558680,$173.36 ,$175 ,$173.05 
11/21/17,$173.14 ,25047130,$170.78 ,$173.70 ,$170.78 
11/20/17,$169.98 ,16041550,$170.29 ,$170.56 ,$169.56 
11/17/17,$170.15 ,21884010,$171.04 ,$171.39 ,$169.64 
11/16/17,$171.10 ,23598650,$171.18 ,$171.87 ,$170.30 
11/15/17,$169.08 ,28998220,$169.97 ,$170.32 ,$168.38 
11/14/17,$171.34 ,24683350,$173.04 ,$173.48 ,$171.18 
11/13/17,$173.97 ,16956290,$173.50 ,$174.50 ,$173.40 
11/10/17,$174.67 ,25129510,$175.11 ,$175.38 ,$174.27 
11/9/17,$175.88 ,29422610,$175.11 ,$176.10 ,$173.14 
11/8/17,$176.24 ,24358920,$174.66 ,$176.24 ,$174.33 
11/7/17,$174.81 ,24332120,$173.91 ,$175.25 ,$173.60 
11/6/17,$174.25 ,34770480,$172.37 ,$174.99 ,$171.72 
11/3/17,$172.50 ,59332210,$174 ,$174.26 ,$171.12 
11/2/17,$168.11 ,39668100,$167.64 ,$168.50 ,$165.28 
11/1/17,$166.89 ,33482970,$169.87 ,$169.94 ,$165.61 
10/31/17,$169.04 ,35779520,$167.90 ,$169.65 ,$166.94 
10/30/17,$166.72 ,44651420,$163.89 ,$168.07 ,$163.72 
10/27/17,$163.05 ,44387770,$159.29 ,$163.60 ,$158.70 
10/26/17,$157.41 ,16916650,$157.23 ,$157.83 ,$156.78 
10/25/17,$156.41 ,21175670,$156.91 ,$157.55 ,$155.27 
10/24/17,$157.10 ,17633730,$156.29 ,$157.42 ,$156.20 
10/23/17,$156.17 ,21888930,$156.89 ,$157.69 ,$155.50 
10/20/17,$156.25 ,23907540,$156.61 ,$157.75 ,$155.96 
10/19/17,$155.98 ,42357420,$156.75 ,$157.08 ,$155.02 
10/18/17,$159.76 ,16252850,$160.42 ,$160.71 ,$159.60 
10/17/17,$160.47 ,18969700,$159.78 ,$160.87 ,$159.23 
10/16/17,$159.88 ,24093300,$157.90 ,$160 ,$157.65 
10/13/17,$156.99 ,16367780,$156.73 ,$157.28 ,$156.41 
10/12/17,$156 ,16380570,$156.35 ,$157.37 ,$155.73 
10/11/17,$156.55 ,16861450,$155.97 ,$156.98 ,$155.75 
10/10/17,$155.90 ,15603520,$156.06 ,$158 ,$155.10 
10/9/17,$155.84 ,16243080,$155.81 ,$156.73 ,$155.49 
10/6/17,$155.30 ,17223790,$154.97 ,$155.49 ,$154.56 
10/5/17,$155.39 ,21215870,$154.18 ,$155.44 ,$154.05 
10/4/17,$153.48 ,20088940,$153.63 ,$153.86 ,$152.46 
10/3/17,$154.48 ,16216800,$154.01 ,$155.09 ,$153.91 
10/2/17,$153.81 ,18631540,$154.26 ,$154.45 ,$152.72 
9/29/17,$154.12 ,26204670,$153.21 ,$154.13 ,$152 
9/28/17,$153.28 ,21983410,$153.89 ,$154.28 ,$152.70 
9/27/17,$154.23 ,25402270,$153.80 ,$154.72 ,$153.54 
9/26/17,$153.14 ,35907770,$151.78 ,$153.92 ,$151.69 
9/25/17,$150.55 ,44366140,$149.99 ,$151.83 ,$149.16 
9/22/17,$151.89 ,46575410,$152.02 ,$152.27 ,$150.56 
9/21/17,$153.39 ,37350060,$155.80 ,$155.80 ,$152.75 
9/20/17,$156.07 ,52126240,$157.90 ,$158.26 ,$153.83 
9/19/17,$158.73 ,20565620,$159.51 ,$159.77 ,$158.44 
9/18/17,$158.67 ,28157630,$160.11 ,$160.50 ,$158.00 
9/15/17,$159.88 ,48846060,$158.47 ,$160.97 ,$158 
9/14/17,$158.28 ,23637310,$158.99 ,$159.40 ,$158.09 
9/13/17,$159.65 ,44866280,$159.87 ,$159.96 ,$157.91 
9/12/17,$160.86 ,71574560,$162.61 ,$163.96 ,$158.77 
9/11/17,$161.50 ,31506890,$160.50 ,$162.05 ,$159.89 
9/8/17,$158.63 ,28411740,$160.86 ,$161.15 ,$158.53 
9/7/17,$161.26 ,21905160,$162.09 ,$162.24 ,$160.36 
9/6/17,$161.91 ,21610300,$162.71 ,$162.99 ,$160.52 
9/5/17,$162.08 ,29491910,$163.75 ,$164.25 ,$160.56 
9/1/17,$164.05 ,16564340,$164.80 ,$164.94 ,$163.63 
8/31/17,$164 ,26729940,$163.64 ,$164.52 ,$163.48 
8/30/17,$163.35 ,27215770,$163.80 ,$163.89 ,$162.61 
8/29/17,$162.91 ,29451050,$160.10 ,$163.12 ,$160 
8/28/17,$161.47 ,25649890,$160.14 ,$162 ,$159.93 
8/25/17,$159.86 ,25184600,$159.65 ,$160.56 ,$159.27 
8/24/17,$159.27 ,19782170,$160.43 ,$160.74 ,$158.55 
8/23/17,$159.98 ,19376940,$159.07 ,$160.47 ,$158.88 
8/22/17,$159.78 ,21564890,$158.23 ,$160 ,$158.02 
8/21/17,$157.21 ,26330070,$157.50 ,$157.89 ,$155.11 
8/18/17,$157.50 ,27391950,$157.86 ,$159.50 ,$156.72 
8/17/17,$157.86 ,27377960,$160.52 ,$160.71 ,$157.84 
8/16/17,$160.95 ,27607370,$161.94 ,$162.51 ,$160.15 
8/15/17,$161.60 ,29377630,$160.66 ,$162.20 ,$160.14 
8/14/17,$159.85 ,22074760,$159.32 ,$160.21 ,$158.75 
8/11/17,$157.48 ,26208970,$156.60 ,$158.57 ,$156.07 
8/10/17,$155.32 ,39636190,$159.90 ,$160 ,$154.63 
8/9/17,$161.06 ,26060430,$159.26 ,$161.27 ,$159.11 
8/8/17,$160.08 ,36127490,$158.60 ,$161.83 ,$158.27 
8/7/17,$158.81 ,21827400,$157.06 ,$158.92 ,$156.67 
8/4/17,$156.39 ,20514810,$156.07 ,$157.40 ,$155.69 
8/3/17,$155.57 ,26604140,$157.05 ,$157.21 ,$155.02 
8/2/17,$157.14 ,69726440,$159.28 ,$159.75 ,$156.16 
8/1/17,$150.05 ,33669020,$149.10 ,$150.22 ,$148.41 
7/31/17,$148.73 ,19690420,$149.90 ,$150.33 ,$148.13 
7/28/17,$149.50 ,17192770,$149.89 ,$150.23 ,$149.19 
7/27/17,$150.56 ,32429770,$153.75 ,$153.99 ,$147.30 
7/26/17,$153.46 ,15649120,$153.35 ,$153.93 ,$153.06 
7/25/17,$152.74 ,18798250,$151.80 ,$153.84 ,$151.80 
7/24/17,$152.09 ,21466370,$150.58 ,$152.44 ,$149.90 
7/21/17,$150.27 ,25111310,$149.99 ,$150.44 ,$148.88 
7/20/17,$150.34 ,17170490,$151.50 ,$151.74 ,$150.19 
7/19/17,$151.02 ,20859830,$150.48 ,$151.42 ,$149.95 
7/18/17,$150.08 ,17837130,$149.20 ,$150.13 ,$148.67 
7/17/17,$149.56 ,23765710,$148.82 ,$150.90 ,$148.57 
7/14/17,$149.04 ,20117070,$147.97 ,$149.33 ,$147.33 
7/13/17,$147.77 ,25080500,$145.50 ,$148.49 ,$145.44 
7/12/17,$145.74 ,24833800,$145.87 ,$146.18 ,$144.82 
7/11/17,$145.53 ,18647220,$144.73 ,$145.85 ,$144.38 
7/10/17,$145.06 ,21080580,$144.11 ,$145.95 ,$143.37 
7/7/17,$144.18 ,18527000,$142.90 ,$144.75 ,$142.90 
7/6/17,$142.73 ,24110330,$143.02 ,$143.50 ,$142.41 
7/5/17,$144.09 ,21550270,$143.69 ,$144.79 ,$142.72 
7/3/17,$143.50 ,14277850,$144.88 ,$145.30 ,$143.10 
6/30/17,$144.02 ,22986960,$144.45 ,$144.96 ,$143.78 
6/29/17,$143.68 ,31450520,$144.71 ,$145.13 ,$142.28 
6/28/17,$145.83 ,22052920,$144.49 ,$146.11 ,$143.16 
6/27/17,$143.73 ,24725210,$145.01 ,$146.16 ,$143.62 
6/26/17,$145.82 ,25674500,$147.17 ,$148.28 ,$145.38 
6/23/17,$146.28 ,35421310,$145.13 ,$147.16 ,$145.11 
6/22/17,$145.63 ,19082170,$145.77 ,$146.70 ,$145.12 
6/21/17,$145.87 ,21247590,$145.52 ,$146.07 ,$144.61 
6/20/17,$145.01 ,24877950,$146.87 ,$146.87 ,$144.94 
6/19/17,$146.34 ,32203640,$143.66 ,$146.74 ,$143.66 
6/16/17,$142.27 ,50264540,$143.78 ,$144.50 ,$142.20 
6/15/17,$144.29 ,31642900,$143.32 ,$144.48 ,$142.21 
6/14/17,$145.16 ,31454590,$147.50 ,$147.50 ,$143.84 
6/13/17,$146.59 ,34089190,$147.16 ,$147.45 ,$145.15 
6/12/17,$145.42 ,72187710,$145.74 ,$146.09 ,$142.51 
6/9/17,$148.98 ,64782910,$155.19 ,$155.19 ,$146.02 
6/8/17,$154.99 ,21144040,$155.25 ,$155.54 ,$154.40 
6/7/17,$155.37 ,21017560,$155.02 ,$155.98 ,$154.48 
6/6/17,$154.45 ,26591850,$153.90 ,$155.81 ,$153.78 
6/5/17,$153.93 ,25277680,$154.34 ,$154.45 ,$153.46 
6/2/17,$155.45 ,27715140,$153.58 ,$155.45 ,$152.89 
6/1/17,$153.18 ,16383610,$153.17 ,$153.33 ,$152.22 
5/31/17,$152.76 ,24452750,$153.97 ,$154.17 ,$152.38 
5/30/17,$153.67 ,20118620,$153.42 ,$154.43 ,$153.33 
5/26/17,$153.61 ,21895020,$154 ,$154.24 ,$153.31 
5/25/17,$153.87 ,19217810,$153.73 ,$154.35 ,$153.03 
5/24/17,$153.34 ,19201820,$153.84 ,$154.17 ,$152.67 
5/23/17,$153.80 ,19906170,$154.90 ,$154.90 ,$153.31 
5/22/17,$153.99 ,22930630,$154 ,$154.58 ,$152.91 
5/19/17,$153.06 ,26892850,$153.38 ,$153.98 ,$152.63 
5/18/17,$152.54 ,33520150,$151.27 ,$153.34 ,$151.13 
5/17/17,$150.25 ,50674280,$153.60 ,$154.57 ,$149.71 
5/16/17,$155.47 ,19994270,$155.94 ,$156.06 ,$154.72 
5/15/17,$155.70 ,25912270,$156.01 ,$156.65 ,$155.05 
5/12/17,$156.10 ,32493770,$154.70 ,$156.42 ,$154.67 
5/11/17,$153.95 ,27236290,$152.45 ,$154.07 ,$152.31 
5/10/17,$153.26 ,25779060,$153.63 ,$153.94 ,$152.11 
5/9/17,$153.99 ,38907940,$153.87 ,$154.88 ,$153.45 
5/8/17,$153.01 ,48670440,$149.03 ,$153.70 ,$149.03 
5/5/17,$148.96 ,27254850,$146.76 ,$148.98 ,$146.76 
5/4/17,$146.53 ,23345970,$146.52 ,$147.14 ,$145.81 
5/3/17,$147.06 ,45579740,$145.59 ,$147.49 ,$144.27 
5/2/17,$147.51 ,44182930,$147.54 ,$148.09 ,$146.84 
5/1/17,$146.58 ,33498270,$145.10 ,$147.20 ,$144.96 
4/28/17,$143.65 ,20783460,$144.09 ,$144.30 ,$143.27 
4/27/17,$143.79 ,14198660,$143.92 ,$144.16 ,$143.31 
4/26/17,$143.68 ,19998050,$144.47 ,$144.60 ,$143.38 
4/25/17,$144.53 ,18325720,$143.91 ,$144.90 ,$143.87 
4/24/17,$143.64 ,17117710,$143.50 ,$143.95 ,$143.18 
4/21/17,$142.27 ,17290900,$142.44 ,$142.68 ,$141.85 
4/20/17,$142.44 ,23294040,$141.22 ,$142.92 ,$141.16 
4/19/17,$140.68 ,17302160,$141.88 ,$142 ,$140.45 
4/18/17,$141.20 ,14676420,$141.41 ,$142.04 ,$141.11 
4/17/17,$141.83 ,16529130,$141.48 ,$141.88 ,$140.87 
4/13/17,$141.05 ,17775510,$141.91 ,$142.38 ,$141.05 
4/12/17,$141.80 ,20320420,$141.60 ,$142.15 ,$141.01 
4/11/17,$141.63 ,30341520,$142.94 ,$143.35 ,$140.06 
4/10/17,$143.17 ,18904680,$143.60 ,$143.88 ,$142.90 
4/7/17,$143.34 ,16658660,$143.73 ,$144.18 ,$143.27 
4/6/17,$143.66 ,21131040,$144.29 ,$144.52 ,$143.45 
4/5/17,$144.02 ,27649500,$144.22 ,$145.46 ,$143.81 
4/4/17,$144.77 ,19865300,$143.25 ,$144.89 ,$143.17 
4/3/17,$143.70 ,19970040,$143.71 ,$144.12 ,$143.05 
3/31/17,$143.66 ,19576480,$143.72 ,$144.27 ,$143.01 
3/30/17,$143.93 ,21189000,$144.19 ,$144.50 ,$143.50 
3/29/17,$144.12 ,29174040,$143.68 ,$144.49 ,$143.19 
3/28/17,$143.80 ,33348400,$140.91 ,$144.04 ,$140.62 
3/27/17,$140.88 ,23531670,$139.39 ,$141.22 ,$138.62 
3/24/17,$140.64 ,22355140,$141.50 ,$141.74 ,$140.35 
3/23/17,$140.92 ,20299310,$141.26 ,$141.58 ,$140.61 
3/22/17,$141.42 ,25804820,$139.85 ,$141.60 ,$139.76 
3/21/17,$139.84 ,39461130,$142.11 ,$142.80 ,$139.73 
3/20/17,$141.46 ,21258100,$140.40 ,$141.50 ,$140.23 
3/17/17,$139.99 ,43700570,$141 ,$141 ,$139.89 
3/16/17,$140.69 ,19173780,$140.72 ,$141.02 ,$140.26 
3/15/17,$140.46 ,25676720,$139.41 ,$140.75 ,$139.03 
3/14/17,$138.99 ,15281850,$139.30 ,$139.65 ,$138.84 
3/13/17,$139.20 ,17048800,$138.85 ,$139.43 ,$138.82 
3/10/17,$139.14 ,19578920,$139.25 ,$139.36 ,$138.64 
3/9/17,$138.68 ,22117750,$138.74 ,$138.79 ,$137.05 
3/8/17,$139 ,18695500,$138.95 ,$139.80 ,$138.82 
3/7/17,$139.52 ,17439210,$139.06 ,$139.98 ,$138.79 
3/6/17,$139.34 ,21229890,$139.37 ,$139.77 ,$138.60 
3/3/17,$139.78 ,21555370,$138.78 ,$139.83 ,$138.59 
3/2/17,$138.96 ,26170690,$140 ,$140.28 ,$138.76 
3/1/17,$139.79 ,36362440,$137.89 ,$140.15 ,$137.60 
2/28/17,$136.99 ,23446340,$137.08 ,$137.44 ,$136.70 
2/27/17,$136.93 ,20222210,$137.14 ,$137.44 ,$136.28 
2/24/17,$136.66 ,21754600,$135.91 ,$136.66 ,$135.28 
2/23/17,$136.53 ,20762360,$137.38 ,$137.48 ,$136.30 
2/22/17,$137.11 ,20769030,$136.43 ,$137.12 ,$136.11 
2/21/17,$136.70 ,24487200,$136.23 ,$136.75 ,$135.98 
2/17/17,$135.72 ,22163280,$135.10 ,$135.83 ,$135.10 
2/16/17,$135.35 ,22539860,$135.67 ,$135.90 ,$134.84 
2/15/17,$135.51 ,35578640,$135.52 ,$136.27 ,$134.62 
2/14/17,$135.02 ,33054500,$133.47 ,$135.09 ,$133.25 
2/13/17,$133.29 ,22989980,$133.08 ,$133.82 ,$132.75 
2/10/17,$132.12 ,20046250,$132.46 ,$132.94 ,$132.05 
2/9/17,$132.42 ,28321440,$131.65 ,$132.45 ,$131.12 
2/8/17,$132.04 ,22941650,$131.35 ,$132.22 ,$131.22 
2/7/17,$131.53 ,38158410,$130.54 ,$132.09 ,$130.45 
2/6/17,$130.29 ,26784530,$129.13 ,$130.50 ,$128.90 
2/3/17,$129.08 ,24460160,$128.31 ,$129.19 ,$128.16 
2/2/17,$128.53 ,33671250,$127.98 ,$129.39 ,$127.78 
2/1/17,$128.75 ,111837300,$127.03 ,$130.49 ,$127.01 
1/31/17,$121.35 ,47767760,$121.15 ,$121.39 ,$120.62 
1/30/17,$121.63 ,30327110,$120.93 ,$121.63 ,$120.66 
1/27/17,$121.95 ,20495340,$122.14 ,$122.35 ,$121.60 
1/26/17,$121.94 ,26320740,$121.67 ,$122.44 ,$121.60 
1/25/17,$121.88 ,32417410,$120.42 ,$122.10 ,$120.28 
1/24/17,$119.97 ,23191150,$119.55 ,$120.10 ,$119.50 
1/23/17,$120.08 ,21982000,$120 ,$120.81 ,$119.77 
1/20/17,$120 ,29922650,$120.45 ,$120.45 ,$119.73 
1/19/17,$119.78 ,25554290,$119.40 ,$120.09 ,$119.37 
1/18/17,$119.99 ,23687350,$120 ,$120.50 ,$119.71 
1/17/17,$120 ,34412090,$118.34 ,$120.24 ,$118.22 
1/13/17,$119.04 ,26083030,$119.11 ,$119.62 ,$118.81 
1/12/17,$119.25 ,27057550,$118.90 ,$119.30 ,$118.21 
1/11/17,$119.75 ,27453130,$118.74 ,$119.93 ,$118.60 
1/10/17,$119.11 ,24432660,$118.77 ,$119.38 ,$118.30 
1/9/17,$118.99 ,33420290,$117.95 ,$119.43 ,$117.94 
1/6/17,$117.91 ,31714820,$116.78 ,$118.16 ,$116.47 
1/5/17,$116.61 ,22115100,$115.92 ,$116.86 ,$115.81 
1/4/17,$116.02 ,21081620,$115.85 ,$116.51 ,$115.75 
1/3/17,$116.15 ,28769220,$115.80 ,$116.33 ,$114.76 
12/30/16,$115.82 ,30555900,$116.65 ,$117.20 ,$115.43 
12/29/16,$116.73 ,14979680,$116.45 ,$117.11 ,$116.40 
12/28/16,$116.76 ,20686510,$117.52 ,$118.02 ,$116.20 
12/27/16,$117.26 ,18131970,$116.52 ,$117.80 ,$116.49 
12/23/16,$116.52 ,14244050,$115.59 ,$116.52 ,$115.59 
12/22/16,$116.29 ,26043820,$116.35 ,$116.51 ,$115.64 
12/21/16,$117.06 ,23724430,$116.80 ,$117.40 ,$116.78 
12/20/16,$116.95 ,21337310,$116.74 ,$117.50 ,$116.68 
12/19/16,$116.64 ,27756760,$115.80 ,$117.38 ,$115.75 
12/16/16,$115.97 ,44284660,$116.47 ,$116.50 ,$115.65 
12/15/16,$115.82 ,46286150,$115.38 ,$116.73 ,$115.23 
12/14/16,$115.19 ,33962370,$115.04 ,$116.20 ,$114.98 
12/13/16,$115.19 ,43293350,$113.84 ,$115.92 ,$113.75 
12/12/16,$113.30 ,26176690,$113.29 ,$115 ,$112.49 
12/9/16,$113.95 ,34324350,$112.31 ,$114.70 ,$112.31 
12/8/16,$112.12 ,27049830,$110.86 ,$112.43 ,$110.60 
12/7/16,$111.03 ,29976030,$109.26 ,$111.19 ,$109.16 
12/6/16,$109.95 ,26160560,$109.50 ,$110.36 ,$109.19 
12/5/16,$109.11 ,34113880,$110 ,$110.03 ,$108.25 
12/2/16,$109.90 ,26481320,$109.17 ,$110.09 ,$108.85 
12/1/16,$109.49 ,37034520,$110.37 ,$110.94 ,$109.03 
11/30/16,$110.52 ,36151450,$111.60 ,$112.20 ,$110.27 
11/29/16,$111.46 ,28507780,$110.78 ,$112.03 ,$110.07 
11/28/16,$111.57 ,27054320,$111.43 ,$112.47 ,$111.39 
11/25/16,$111.79 ,11475920,$111.13 ,$111.87 ,$110.95 
11/23/16,$111.23 ,27420550,$111.36 ,$111.51 ,$110.33 
11/22/16,$111.80 ,25931710,$111.95 ,$112.42 ,$111.40 
11/21/16,$111.73 ,29164190,$110.12 ,$111.99 ,$110.01 
11/18/16,$110.06 ,28310840,$109.72 ,$110.54 ,$109.66 
11/17/16,$109.95 ,27623150,$109.81 ,$110.35 ,$108.83 
11/16/16,$109.99 ,58724080,$106.70 ,$110.23 ,$106.60 
11/15/16,$107.11 ,32230590,$106.57 ,$107.68 ,$106.16 
11/14/16,$105.71 ,50901380,$107.71 ,$107.81 ,$104.08 
11/11/16,$108.43 ,34117030,$107.12 ,$108.87 ,$106.55 
11/10/16,$107.79 ,57097740,$111.09 ,$111.09 ,$105.83 
11/9/16,$110.88 ,59118740,$109.88 ,$111.32 ,$108.05 
11/8/16,$111.06 ,24129630,$110.31 ,$111.72 ,$109.70 
11/7/16,$110.41 ,32361930,$110.08 ,$110.51 ,$109.46 
11/4/16,$108.84 ,30790930,$108.53 ,$110.25 ,$108.11 
11/3/16,$109.83 ,26538700,$110.98 ,$111.46 ,$109.55 
11/2/16,$111.59 ,28174980,$111.40 ,$112.35 ,$111.23 
11/1/16,$111.49 ,43403760,$113.46 ,$113.77 ,$110.53 
10/31/16,$113.54 ,26378910,$113.65 ,$114.23 ,$113.20 
10/28/16,$113.72 ,36792100,$113.87 ,$115.21 ,$113.45 
10/27/16,$114.48 ,31396130,$115.39 ,$115.86 ,$114.10 
10/26/16,$115.59 ,66028640,$114.31 ,$115.70 ,$113.31 
10/25/16,$118.25 ,46820600,$117.95 ,$118.36 ,$117.31 
10/24/16,$117.65 ,23492650,$117.10 ,$117.74 ,$117 
10/21/16,$116.60 ,22527690,$116.81 ,$116.91 ,$116.28 
10/20/16,$117.06 ,24100150,$116.86 ,$117.38 ,$116.33 
10/19/16,$117.12 ,19977160,$117.25 ,$117.76 ,$113.80 
10/18/16,$117.47 ,24308210,$118.18 ,$118.21 ,$117.45 
10/17/16,$117.55 ,23583810,$117.33 ,$117.84 ,$116.78 
10/14/16,$117.63 ,35626020,$117.88 ,$118.17 ,$117.13 
10/13/16,$116.98 ,35041820,$116.79 ,$117.44 ,$115.72 
10/12/16,$117.34 ,37512930,$117.35 ,$117.98 ,$116.75 
10/11/16,$116.30 ,63963010,$117.70 ,$118.69 ,$116.20 
10/10/16,$116.05 ,36087910,$115.02 ,$116.75 ,$114.72 
10/7/16,$114.06 ,24336440,$114.31 ,$114.56 ,$113.51 
10/6/16,$113.89 ,28508710,$113.70 ,$114.34 ,$113.13 
10/5/16,$113.05 ,21400410,$113.40 ,$113.66 ,$112.69 
10/4/16,$113 ,29707270,$113.06 ,$114.31 ,$112.63 
10/3/16,$112.52 ,21634520,$112.71 ,$113.05 ,$112.28 
9/30/16,$113.05 ,36340670,$112.46 ,$113.37 ,$111.80 
9/29/16,$112.18 ,35850010,$113.16 ,$113.80 ,$111.80 
9/28/16,$113.95 ,29608390,$113.69 ,$114.64 ,$113.43 
9/27/16,$113.09 ,24587490,$113 ,$113.18 ,$112.34 
9/26/16,$112.88 ,29800240,$111.64 ,$113.39 ,$111.55 
9/23/16,$112.71 ,52411070,$114.42 ,$114.79 ,$111.55 
9/22/16,$114.62 ,31048170,$114.35 ,$114.94 ,$114 
9/21/16,$113.55 ,35951900,$113.85 ,$113.99 ,$112.44 
9/20/16,$113.57 ,34494150,$113.05 ,$114.12 ,$112.51 
9/19/16,$113.58 ,46937190,$115.19 ,$116.18 ,$113.25 
9/16/16,$114.92 ,79763890,$115.12 ,$116.13 ,$114.04 
9/15/16,$115.57 ,90398170,$113.86 ,$115.73 ,$113.49 
9/14/16,$111.77 ,111186900,$108.73 ,$113.03 ,$108.60 
9/13/16,$107.95 ,62080160,$107.51 ,$108.79 ,$107.24 
9/12/16,$105.44 ,45114590,$102.65 ,$105.72 ,$102.53 
9/9/16,$103.13 ,46461610,$104.64 ,$105.72 ,$103.13 
9/8/16,$105.52 ,52955310,$107.25 ,$107.27 ,$105.24 
9/7/16,$108.36 ,42250480,$107.83 ,$108.76 ,$107.07 
9/6/16,$107.70 ,26645130,$107.90 ,$108.30 ,$107.51 
9/2/16,$107.73 ,26393770,$107.70 ,$108 ,$106.82 
9/1/16,$106.73 ,26675250,$106.14 ,$106.80 ,$105.62 
8/31/16,$106.10 ,31639010,$105.66 ,$106.57 ,$105.64 
8/30/16,$106 ,24817940,$105.80 ,$106.50 ,$105.50 
8/29/16,$106.82 ,24900130,$106.62 ,$107.44 ,$106.29 
8/26/16,$106.94 ,27744300,$107.41 ,$107.95 ,$106.31 
8/25/16,$107.57 ,25001730,$107.39 ,$107.88 ,$106.68 
8/24/16,$108.03 ,23606240,$108.57 ,$108.75 ,$107.68 
8/23/16,$108.85 ,21236850,$108.59 ,$109.32 ,$108.53 
8/22/16,$108.51 ,25784420,$108.86 ,$109.10 ,$107.85 
8/19/16,$109.36 ,25108890,$108.77 ,$109.69 ,$108.36 
8/18/16,$109.08 ,21918340,$109.23 ,$109.60 ,$109.02 
8/17/16,$109.22 ,25328680,$109.10 ,$109.37 ,$108.34 
8/16/16,$109.38 ,33754680,$109.63 ,$110.23 ,$109.21 
8/15/16,$109.48 ,25704330,$108.14 ,$109.54 ,$108.08 
8/12/16,$108.18 ,18648700,$107.78 ,$108.44 ,$107.78 
8/11/16,$107.93 ,27460070,$108.52 ,$108.93 ,$107.85 
8/10/16,$108 ,23839880,$108.71 ,$108.90 ,$107.76 
8/9/16,$108.81 ,26296260,$108.23 ,$108.94 ,$108.01 
8/8/16,$108.37 ,28010430,$107.52 ,$108.37 ,$107.16 
8/5/16,$107.48 ,39546610,$106.27 ,$107.65 ,$106.18 
8/4/16,$105.87 ,26781730,$105.58 ,$106 ,$105.28 
8/3/16,$105.79 ,30148360,$104.81 ,$105.84 ,$104.77 
8/2/16,$104.48 ,33770220,$106.05 ,$106.07 ,$104 
8/1/16,$106.05 ,38018910,$104.41 ,$106.15 ,$104.41 
7/29/16,$104.21 ,27697970,$104.19 ,$104.55 ,$103.68 
7/28/16,$104.34 ,38771840,$102.83 ,$104.45 ,$102.82 
7/27/16,$102.95 ,92143920,$104.27 ,$104.35 ,$102.75 
7/26/16,$96.67 ,53454620,$96.82 ,$97.97 ,$96.42 
7/25/16,$97.34 ,40290580,$98.25 ,$98.84 ,$96.92 
7/22/16,$98.66 ,28218240,$99.26 ,$99.30 ,$98.31 
7/21/16,$99.43 ,32690080,$99.83 ,$101 ,$99.13 
7/20/16,$99.96 ,26219110,$100 ,$100.46 ,$99.74 
7/19/16,$99.87 ,23766360,$99.56 ,$100 ,$99.34 
7/18/16,$99.83 ,36464530,$98.70 ,$100.13 ,$98.60 
7/15/16,$98.78 ,30031410,$98.92 ,$99.30 ,$98.50 
7/14/16,$98.79 ,38885980,$97.39 ,$98.99 ,$97.32 
7/13/16,$96.87 ,25879680,$97.41 ,$97.67 ,$96.84 
7/12/16,$97.42 ,24129530,$97.17 ,$97.70 ,$97.12 
7/11/16,$96.98 ,23317990,$96.75 ,$97.65 ,$96.73 
7/8/16,$96.68 ,28877500,$96.49 ,$96.89 ,$96.05 
7/7/16,$95.94 ,24460850,$95.70 ,$96.50 ,$95.62 
7/6/16,$95.53 ,30877540,$94.60 ,$95.66 ,$94.37 
7/5/16,$94.99 ,27553750,$95.39 ,$95.40 ,$94.46 
7/1/16,$95.89 ,25982080,$95.49 ,$96.47 ,$95.33 
6/30/16,$95.60 ,35783320,$94.44 ,$95.77 ,$94.30 
6/29/16,$94.40 ,36505420,$93.97 ,$94.55 ,$93.63 
6/28/16,$93.59 ,40387960,$92.90 ,$93.66 ,$92.14 
6/27/16,$92.04 ,45595680,$93 ,$93.05 ,$91.50 
6/24/16,$93.40 ,75219710,$92.91 ,$94.66 ,$92.65 
6/23/16,$96.10 ,32042290,$95.94 ,$96.29 ,$95.25 
6/22/16,$95.55 ,29124140,$96.25 ,$96.89 ,$95.35 
6/21/16,$95.91 ,35407050,$94.94 ,$96.35 ,$94.68 
6/20/16,$95.10 ,34355970,$96 ,$96.57 ,$95.03 
6/17/16,$95.33 ,60793260,$96.62 ,$96.65 ,$95.30 
6/16/16,$97.55 ,31251870,$96.45 ,$97.75 ,$96.07 
6/15/16,$97.14 ,29373050,$97.82 ,$98.41 ,$97.03 
6/14/16,$97.46 ,31890740,$97.32 ,$98.48 ,$96.75 
6/13/16,$97.34 ,37708360,$98.69 ,$99.12 ,$97.10 
6/10/16,$98.83 ,31672220,$98.53 ,$99.35 ,$98.48 
6/9/16,$99.65 ,26575570,$98.50 ,$99.99 ,$98.46 
6/8/16,$98.94 ,20839950,$99.02 ,$99.56 ,$98.68 
6/7/16,$99.03 ,22378380,$99.25 ,$99.87 ,$98.96 
6/6/16,$98.63 ,23265200,$97.99 ,$101.89 ,$97.55 
6/3/16,$97.92 ,28487570,$97.79 ,$98.27 ,$97.45 
6/2/16,$97.72 ,40170200,$97.60 ,$97.84 ,$96.63 
6/1/16,$98.46 ,29139100,$99.02 ,$99.54 ,$98.33 
5/31/16,$99.86 ,42268040,$99.60 ,$100.40 ,$98.82 
5/27/16,$100.35 ,36299460,$99.44 ,$100.47 ,$99.25 
5/26/16,$100.41 ,56293490,$99.68 ,$100.73 ,$98.64 
5/25/16,$99.62 ,38258300,$98.67 ,$99.74 ,$98.11 
5/24/16,$97.90 ,35074380,$97.22 ,$98.09 ,$96.84 
5/23/16,$96.43 ,37977020,$95.87 ,$97.19 ,$95.67 
5/20/16,$95.22 ,31834020,$94.64 ,$95.43 ,$94.52 
5/19/16,$94.20 ,30417880,$94.64 ,$94.64 ,$93.57 
5/18/16,$94.56 ,42009830,$94.16 ,$95.21 ,$93.89 
5/17/16,$93.49 ,46858910,$94.55 ,$94.70 ,$93.01 
5/16/16,$93.88 ,61192340,$92.39 ,$94.39 ,$91.65 
5/13/16,$90.52 ,44223040,$90 ,$91.67 ,$90 
5/12/16,$90.34 ,76183460,$92.72 ,$92.78 ,$89.47 
5/11/16,$92.51 ,28641180,$93.48 ,$93.57 ,$92.46 
5/10/16,$93.42 ,33653020,$93.33 ,$93.57 ,$92.11 
5/9/16,$92.79 ,32895650,$93 ,$93.77 ,$92.59 
5/6/16,$92.72 ,43665160,$93.37 ,$93.45 ,$91.85 
5/5/16,$93.24 ,35850220,$94 ,$94.07 ,$92.68 
5/4/16,$94.19 ,40984160,$95.20 ,$95.90 ,$93.82 
5/3/16,$95.18 ,56770080,$94.20 ,$95.74 ,$93.68 
5/2/16,$93.64 ,47844490,$93.97 ,$94.08 ,$92.40 
4/29/16,$93.74 ,68388840,$93.99 ,$94.72 ,$92.51 
4/28/16,$94.83 ,82107120,$97.61 ,$97.88 ,$94.25 
4/27/16,$97.82 ,114436300,$96 ,$98.71 ,$95.68 
4/26/16,$104.35 ,52979780,$103.91 ,$105.30 ,$103.91 
4/25/16,$105.08 ,27997990,$105 ,$105.65 ,$104.51 
4/22/16,$105.68 ,33655810,$105.01 ,$106.48 ,$104.62 
4/21/16,$105.97 ,31416910,$106.93 ,$106.93 ,$105.52 
4/20/16,$107.13 ,30576980,$106.64 ,$108.09 ,$106.06 
4/19/16,$106.91 ,32340620,$107.88 ,$108 ,$106.23 
4/18/16,$107.48 ,60784920,$108.89 ,$108.95 ,$106.94 
4/15/16,$109.85 ,46873670,$112.11 ,$112.30 ,$109.73 
4/14/16,$112.10 ,25364920,$111.62 ,$112.39 ,$111.33 
4/13/16,$112.04 ,32771760,$110.80 ,$112.34 ,$110.80 
4/12/16,$110.44 ,27150570,$109.34 ,$110.50 ,$108.66 
4/11/16,$109.02 ,29357940,$108.97 ,$110.61 ,$108.83 
4/8/16,$108.66 ,23553790,$108.91 ,$109.77 ,$108.17 
4/7/16,$108.54 ,31735810,$109.95 ,$110.42 ,$108.12 
4/6/16,$110.96 ,26178840,$110.23 ,$110.98 ,$109.20 
4/5/16,$109.81 ,26560420,$109.51 ,$110.73 ,$109.42 
4/4/16,$111.12 ,37322930,$110.42 ,$112.19 ,$110.27 
4/1/16,$109.99 ,25820460,$108.78 ,$110 ,$108.20 
3/31/16,$108.99 ,25763840,$109.72 ,$109.90 ,$108.88 
3/30/16,$109.56 ,45547590,$108.65 ,$110.42 ,$108.60 
3/29/16,$107.68 ,31154910,$104.89 ,$107.79 ,$104.88 
3/28/16,$105.19 ,19354440,$106 ,$106.19 ,$105.06 
3/24/16,$105.67 ,25568350,$105.47 ,$106.25 ,$104.89 
3/23/16,$106.13 ,25686350,$106.48 ,$107.07 ,$105.90 
3/22/16,$106.72 ,32345430,$105.25 ,$107.29 ,$105.21 
3/21/16,$105.91 ,35454230,$105.93 ,$107.65 ,$105.14 
3/18/16,$105.92 ,43607120,$106.34 ,$106.50 ,$105.19 
3/17/16,$105.80 ,34394830,$105.52 ,$106.47 ,$104.96 
3/16/16,$105.97 ,38236730,$104.61 ,$106.31 ,$104.59 
3/15/16,$104.58 ,40026250,$103.96 ,$105.18 ,$103.85 
3/14/16,$102.52 ,25058280,$101.91 ,$102.91 ,$101.78 
3/11/16,$102.26 ,27368840,$102.24 ,$102.28 ,$101.50 
3/10/16,$101.17 ,33490630,$101.41 ,$102.24 ,$100.15 
3/9/16,$101.12 ,27148530,$101.31 ,$101.58 ,$100.27 
3/8/16,$101.03 ,31538710,$100.78 ,$101.76 ,$100.40 
3/7/16,$101.87 ,35890740,$102.39 ,$102.83 ,$100.96 
3/4/16,$103.01 ,46026600,$102.37 ,$103.75 ,$101.37 
3/3/16,$101.50 ,36884490,$100.58 ,$101.71 ,$100.45 
3/2/16,$100.75 ,33136130,$100.51 ,$100.89 ,$99.64 
3/1/16,$100.53 ,50303500,$97.65 ,$100.77 ,$97.42 
2/29/16,$96.69 ,35131460,$96.86 ,$98.23 ,$96.65 
2/26/16,$96.91 ,28949760,$97.20 ,$98.02 ,$96.58 
2/25/16,$96.76 ,27526040,$96.05 ,$96.76 ,$95.25 
2/24/16,$96.10 ,36192150,$93.98 ,$96.38 ,$93.32 
2/23/16,$94.69 ,31851180,$96.40 ,$96.50 ,$94.55 
2/22/16,$96.88 ,34240470,$96.31 ,$96.90 ,$95.92 
2/19/16,$96.04 ,35290570,$96 ,$96.76 ,$95.80 
2/18/16,$96.26 ,38866100,$98.84 ,$98.89 ,$96.09 
2/17/16,$98.12 ,44811800,$96.67 ,$98.21 ,$96.15 
2/16/16,$96.64 ,48032600,$95.02 ,$96.85 ,$94.61 
2/12/16,$93.99 ,40323020,$94.19 ,$94.50 ,$93.01 
2/11/16,$93.70 ,49979700,$93.79 ,$94.72 ,$92.59 
2/10/16,$94.27 ,42288790,$95.92 ,$96.35 ,$94.10 
2/9/16,$94.99 ,44282560,$94.29 ,$95.94 ,$93.93 
2/8/16,$95.01 ,53920550,$93.13 ,$95.70 ,$93.04 
2/5/16,$94.02 ,46315620,$96.52 ,$96.92 ,$93.69 
2/4/16,$96.60 ,46418230,$95.86 ,$97.33 ,$95.19 
2/3/16,$96.35 ,45870130,$95 ,$96.84 ,$94.08 
2/2/16,$94.48 ,37190500,$95.42 ,$96.04 ,$94.28 
2/1/16,$96.43 ,40814360,$96.47 ,$96.71 ,$95.40 
1/29/16,$97.34 ,64332440,$94.79 ,$97.34 ,$94.35 
1/28/16,$94.09 ,55622370,$93.79 ,$94.52 ,$92.39 
1/27/16,$93.42 ,133059000,$96.04 ,$96.63 ,$93.34 
1/26/16,$99.99 ,71937310,$99.93 ,$100.88 ,$98.07 
1/25/16,$99.44 ,51529980,$101.52 ,$101.53 ,$99.21 
1/22/16,$101.42 ,65648660,$98.63 ,$101.46 ,$98.37 
1/21/16,$96.30 ,52099200,$97.06 ,$97.88 ,$94.94 
1/20/16,$96.79 ,72274300,$95.10 ,$98.19 ,$93.42 
1/19/16,$96.66 ,52960810,$98.41 ,$98.65 ,$95.50 
1/15/16,$97.13 ,79356010,$96.20 ,$97.71 ,$95.36 
1/14/16,$99.52 ,63000140,$97.96 ,$100.48 ,$95.74 
1/13/16,$97.39 ,62285770,$100.32 ,$101.19 ,$97.30 
1/12/16,$99.96 ,49046150,$100.55 ,$100.69 ,$98.84 
1/11/16,$98.53 ,49687870,$98.97 ,$99.06 ,$97.34 
1/8/16,$96.96 ,70722000,$98.55 ,$99.11 ,$96.76 
1/7/16,$96.45 ,80742460,$98.68 ,$100.13 ,$96.43 
1/6/16,$100.70 ,68384270,$100.56 ,$102.37 ,$99.87 
1/5/16,$102.71 ,55583140,$105.75 ,$105.85 ,$102.41 
1/4/16,$105.35 ,67569090,$102.61 ,$105.37 ,$102 
12/31/15,$105.26 ,40885480,$107.01 ,$107.03 ,$104.82 
12/30/15,$107.32 ,25184090,$108.58 ,$108.70 ,$107.18 
12/29/15,$108.74 ,30912260,$106.96 ,$109.43 ,$106.86 
12/28/15,$106.82 ,26639930,$107.59 ,$107.69 ,$106.18 
12/24/15,$108.03 ,13596680,$109 ,$109 ,$107.95 
12/23/15,$108.61 ,32618140,$107.27 ,$108.85 ,$107.20 
12/22/15,$107.23 ,32728460,$107.40 ,$107.72 ,$106.45 
12/21/15,$107.33 ,47507230,$107.28 ,$107.37 ,$105.57 
12/18/15,$106.03 ,96197190,$108.91 ,$109.52 ,$105.81 
12/17/15,$108.98 ,44654830,$112.02 ,$112.25 ,$108.98 
12/16/15,$111.34 ,56157370,$111.07 ,$111.99 ,$108.80 
12/15/15,$110.49 ,53168580,$111.94 ,$112.80 ,$110.35 
12/14/15,$112.48 ,64678220,$112.18 ,$112.68 ,$109.79 
12/11/15,$113.18 ,46810020,$115.19 ,$115.39 ,$112.85 
12/10/15,$116.17 ,29158640,$116.04 ,$116.94 ,$115.51 
12/9/15,$115.62 ,46301930,$117.64 ,$117.69 ,$115.08 
12/8/15,$118.23 ,34275420,$117.52 ,$118.60 ,$116.86 
12/7/15,$118.28 ,32063100,$118.98 ,$119.86 ,$117.81 
12/4/15,$119.03 ,57717870,$115.29 ,$119.25 ,$115.11 
12/3/15,$115.20 ,41511380,$116.55 ,$116.79 ,$114.22 
12/2/15,$116.28 ,33316990,$117.05 ,$118.11 ,$116.08 
12/1/15,$117.34 ,34806250,$118.75 ,$118.81 ,$116.86 
11/30/15,$118.30 ,38063130,$117.99 ,$119.41 ,$117.75 
11/27/15,$117.81 ,13046450,$118.29 ,$118.41 ,$117.60 
11/25/15,$118.03 ,21341960,$119.21 ,$119.23 ,$117.92 
11/24/15,$118.88 ,42747950,$117.33 ,$119.35 ,$117.12 
11/23/15,$117.75 ,32445680,$119.27 ,$119.73 ,$117.34 
11/20/15,$119.30 ,34135230,$119.20 ,$119.92 ,$118.85 
11/19/15,$118.78 ,43233950,$117.64 ,$119.75 ,$116.76 
11/18/15,$117.29 ,46559730,$115.76 ,$117.49 ,$115.50 
11/17/15,$113.69 ,27584020,$114.92 ,$115.05 ,$113.32 
11/16/15,$114.18 ,37979570,$111.38 ,$114.24 ,$111 
11/13/15,$112.34 ,45555300,$115.20 ,$115.57 ,$112.27 
11/12/15,$115.72 ,32461350,$116.26 ,$116.82 ,$115.65 
11/11/15,$116.11 ,45179400,$116.37 ,$117.42 ,$115.21 
11/10/15,$116.77 ,59029400,$116.90 ,$118.07 ,$116.06 
11/9/15,$120.57 ,33829290,$120.96 ,$121.81 ,$120.05 
11/6/15,$121.06 ,33009110,$121.11 ,$121.81 ,$120.62 
11/5/15,$120.92 ,39483400,$121.85 ,$122.69 ,$120.18 
11/4/15,$122 ,44829060,$123.13 ,$123.82 ,$121.62 
11/3/15,$122.57 ,45479260,$120.79 ,$123.49 ,$120.70 
11/2/15,$121.18 ,32152870,$119.87 ,$121.36 ,$119.61 
10/30/15,$119.50 ,49305220,$120.99 ,$121.22 ,$119.45 
10/29/15,$120.53 ,51106100,$118.70 ,$120.69 ,$118.27 
10/28/15,$119.27 ,85436210,$116.93 ,$119.30 ,$116.06 
10/27/15,$114.55 ,67673450,$115.40 ,$116.54 ,$113.99 
10/26/15,$115.28 ,66139770,$118.08 ,$118.13 ,$114.92 
10/23/15,$119.08 ,59251740,$116.70 ,$119.23 ,$116.33 
10/22/15,$115.50 ,41430660,$114.33 ,$115.50 ,$114.10 
10/21/15,$113.76 ,42276880,$114 ,$115.58 ,$113.70 
10/20/15,$113.77 ,48929200,$111.34 ,$114.17 ,$110.82 
10/19/15,$111.73 ,29723750,$110.80 ,$111.75 ,$110.11 
10/16/15,$111.04 ,38794930,$111.78 ,$112 ,$110.53 
10/15/15,$111.86 ,37622200,$110.93 ,$112.10 ,$110.49 
10/14/15,$110.21 ,44434220,$111.29 ,$111.52 ,$109.56 
10/13/15,$111.79 ,32970790,$110.82 ,$112.45 ,$110.68 
10/12/15,$111.60 ,30386830,$112.73 ,$112.75 ,$111.44 
10/9/15,$112.12 ,52720620,$110 ,$112.28 ,$109.49 
10/8/15,$109.50 ,61747260,$110.19 ,$110.19 ,$108.21 
10/7/15,$110.78 ,46717770,$111.74 ,$111.77 ,$109.41 
10/6/15,$111.31 ,48702200,$110.63 ,$111.74 ,$109.77 
10/5/15,$110.78 ,52033100,$109.88 ,$111.37 ,$109.07 
10/2/15,$110.38 ,57774940,$108.01 ,$111.01 ,$107.55 
10/1/15,$109.58 ,63849470,$109.07 ,$109.62 ,$107.31 
9/30/15,$110.30 ,66300930,$110.17 ,$111.54 ,$108.73 
9/29/15,$109.06 ,73230280,$112.83 ,$113.51 ,$107.86 
9/28/15,$112.44 ,51861990,$113.85 ,$114.57 ,$112.44 
9/25/15,$114.71 ,56005550,$116.44 ,$116.69 ,$114.02 
9/24/15,$115 ,50061580,$113.25 ,$115.50 ,$112.37 
9/23/15,$114.32 ,35678360,$113.63 ,$114.72 ,$113.30 
9/22/15,$113.40 ,50278030,$113.38 ,$114.18 ,$112.52 
9/21/15,$115.21 ,46594220,$113.67 ,$115.37 ,$113.66 
9/18/15,$113.45 ,73991000,$112.21 ,$114.30 ,$111.87 
9/17/15,$113.92 ,63712340,$115.66 ,$116.49 ,$113.72 
9/16/15,$116.41 ,37080720,$116.25 ,$116.54 ,$115.44 
9/15/15,$116.28 ,43218350,$115.93 ,$116.53 ,$114.42 
9/14/15,$115.31 ,58279570,$116.58 ,$116.89 ,$114.86 
9/11/15,$114.21 ,49793750,$111.79 ,$114.21 ,$111.76 
9/10/15,$112.57 ,62800770,$110.27 ,$113.28 ,$109.90 
9/9/15,$110.15 ,84757780,$113.76 ,$114.02 ,$109.77 
9/8/15,$112.31 ,54507300,$111.65 ,$112.56 ,$110.32 
9/4/15,$109.27 ,49904460,$108.97 ,$110.45 ,$108.51 
9/3/15,$110.37 ,53142590,$112.49 ,$112.78 ,$110.04 
9/2/15,$112.34 ,61681250,$110.23 ,$112.34 ,$109.13 
9/1/15,$107.72 ,76562170,$110.15 ,$111.88 ,$107.36 
8/31/15,$112.76 ,56111590,$112.03 ,$114.53 ,$112 
8/28/15,$113.29 ,53075960,$112.17 ,$113.31 ,$111.54 
8/27/15,$112.92 ,83825220,$112.23 ,$113.24 ,$110.02 
8/26/15,$109.69 ,96531890,$107.09 ,$109.89 ,$105.05 
8/25/15,$103.74 ,102731700,$111.11 ,$111.11 ,$103.50 
8/24/15,$103.12 ,161882500,$94.87 ,$108.80 ,$92 
8/21/15,$105.76 ,127246600,$110.43 ,$111.90 ,$105.65 
8/20/15,$112.65 ,68176940,$114.08 ,$114.35 ,$111.63 
8/19/15,$115.01 ,48079330,$116.10 ,$116.52 ,$114.68 
8/18/15,$116.50 ,34525630,$116.43 ,$117.44 ,$116.01 
8/17/15,$117.16 ,40827260,$116.04 ,$117.65 ,$115.50 
8/14/15,$115.96 ,42876370,$114.32 ,$116.31 ,$114.01 
8/13/15,$115.15 ,48407640,$116.04 ,$116.40 ,$114.54 
8/12/15,$115.24 ,101593400,$112.53 ,$115.42 ,$109.63 
8/11/15,$113.49 ,96820670,$117.81 ,$118.18 ,$113.33 
8/10/15,$119.72 ,54851010,$116.53 ,$119.99 ,$116.53 
8/7/15,$115.52 ,38610120,$114.58 ,$116.25 ,$114.50 
8/6/15,$115.13 ,52828890,$115.97 ,$116.50 ,$114.12 
8/5/15,$115.40 ,99202400,$112.95 ,$117.44 ,$112.10 
8/4/15,$114.64 ,123601900,$117.42 ,$117.70 ,$113.25 
8/3/15,$118.44 ,69639900,$121.50 ,$122.57 ,$117.52 
7/31/15,$121.30 ,42832890,$122.60 ,$122.64 ,$120.91 
7/30/15,$122.37 ,33400950,$122.32 ,$122.57 ,$121.71 
7/29/15,$122.99 ,36912040,$123.15 ,$123.50 ,$122.27 
7/28/15,$123.38 ,33570380,$123.38 ,$123.91 ,$122.55 
7/27/15,$122.77 ,44371580,$123.09 ,$123.61 ,$122.12 
7/24/15,$124.50 ,42090320,$125.32 ,$125.74 ,$123.90 
7/23/15,$125.16 ,50832950,$126.20 ,$127.09 ,$125.06 
7/22/15,$125.22 ,115288400,$121.99 ,$125.50 ,$121.99 
7/21/15,$130.75 ,73006780,$132.85 ,$132.92 ,$130.32 
7/20/15,$132.07 ,55204920,$130.97 ,$132.97 ,$130.70 
7/17/15,$129.62 ,45970470,$129.08 ,$129.62 ,$128.31 
7/16/15,$128.51 ,35987630,$127.74 ,$128.57 ,$127.35 
7/15/15,$126.82 ,33559770,$125.72 ,$127.15 ,$125.58 
7/14/15,$125.61 ,31695870,$126.04 ,$126.37 ,$125.04 
7/13/15,$125.66 ,41365600,$125.03 ,$125.76 ,$124.32 
7/10/15,$123.28 ,61292800,$121.94 ,$123.85 ,$121.21 
7/9/15,$120.07 ,78291510,$123.85 ,$124.06 ,$119.22 
7/8/15,$122.57 ,60609830,$124.48 ,$124.64 ,$122.54 
7/7/15,$125.69 ,46737090,$125.89 ,$126.15 ,$123.77 
7/6/15,$126 ,27972950,$124.94 ,$126.23 ,$124.85 
7/2/15,$126.44 ,27171180,$126.43 ,$126.69 ,$125.77 
7/1/15,$126.60 ,30206890,$126.90 ,$126.94 ,$125.99 
6/30/15,$125.43 ,44326050,$125.57 ,$126.12 ,$124.86 
6/29/15,$124.53 ,49043410,$125.46 ,$126.47 ,$124.48 
6/26/15,$126.75 ,43986290,$127.67 ,$127.99 ,$126.51 
6/25/15,$127.50 ,31872390,$128.86 ,$129.20 ,$127.50 
6/24/15,$128.11 ,55077520,$127.21 ,$129.80 ,$127.12 
6/23/15,$127.03 ,30192140,$127.48 ,$127.61 ,$126.88 
6/22/15,$127.61 ,33976180,$127.49 ,$128.06 ,$127.08 
6/19/15,$126.60 ,54361530,$127.71 ,$127.82 ,$126.40 
6/18/15,$127.88 ,35363990,$127.23 ,$128.31 ,$127.22 
6/17/15,$127.30 ,32858900,$127.72 ,$127.88 ,$126.74 
6/16/15,$127.60 ,31443650,$127.03 ,$127.85 ,$126.37 
6/15/15,$126.92 ,43896960,$126.10 ,$127.24 ,$125.71 
6/12/15,$127.17 ,36826260,$128.19 ,$128.33 ,$127.11 
6/11/15,$128.59 ,35344520,$129.18 ,$130.18 ,$128.48 
6/10/15,$128.88 ,39029190,$127.92 ,$129.34 ,$127.85 
6/9/15,$127.42 ,56002840,$126.70 ,$128.08 ,$125.62 
6/8/15,$127.80 ,52609900,$128.90 ,$129.21 ,$126.83 
6/5/15,$128.65 ,35577760,$129.50 ,$129.69 ,$128.36 
6/4/15,$129.36 ,38335980,$129.58 ,$130.58 ,$128.91 
6/3/15,$130.12 ,30939810,$130.66 ,$130.94 ,$129.90 
6/2/15,$129.96 ,33595980,$129.86 ,$130.66 ,$129.32 
6/1/15,$130.54 ,32016020,$131.20 ,$131.39 ,$130.05 
5/29/15,$130.28 ,50474170,$131.23 ,$131.45 ,$129.90 
5/28/15,$131.78 ,30678840,$131.86 ,$131.95 ,$131.10 
5/27/15,$132.05 ,45771120,$130.34 ,$132.26 ,$130.05 
5/26/15,$129.62 ,70544670,$132.60 ,$132.91 ,$129.12 
5/22/15,$132.54 ,45469340,$131.60 ,$132.97 ,$131.40 
5/21/15,$131.39 ,39589780,$130.07 ,$131.63 ,$129.83 
5/20/15,$130.06 ,36261170,$130 ,$130.98 ,$129.34 
5/19/15,$130.07 ,44395440,$130.69 ,$130.88 ,$129.64 
5/18/15,$130.19 ,50723240,$128.38 ,$130.72 ,$128.36 
5/15/15,$128.77 ,38128470,$129.07 ,$129.49 ,$128.21 
5/14/15,$128.95 ,45123920,$127.41 ,$128.95 ,$127.16 
5/13/15,$126.01 ,34611600,$126.15 ,$127.19 ,$125.87 
5/12/15,$125.87 ,48073450,$125.60 ,$126.88 ,$124.82 
5/11/15,$126.32 ,41920740,$127.39 ,$127.56 ,$125.63 
5/8/15,$127.62 ,55473820,$126.68 ,$127.62 ,$126.11 
5/7/15,$125.26 ,42653920,$124.77 ,$126.08 ,$124.02 
5/6/15,$125.01 ,72037370,$126.56 ,$126.75 ,$123.36 
5/5/15,$125.80 ,49127770,$128.15 ,$128.45 ,$125.78 
5/4/15,$128.70 ,50905020,$129.50 ,$130.57 ,$128.26 
5/1/15,$128.95 ,57349000,$126.10 ,$130.13 ,$125.30 